Texto,Precio_Kg,Precio_Lt
1 Aguascalientes Aguascalientes ,19.87,10.73
1 Aguascalientes Asientos ,19.87,10.73
1 Aguascalientes El Llano ,19.87,10.73
1 Aguascalientes Jesús María ,19.87,10.73
1 Aguascalientes Pabellón de Arteaga ,19.87,10.73
1 Aguascalientes San Francisco de los Romo ,19.87,10.73
1 Aguascalientes San José de Gracia ,19.87,10.73
1 Aguascalientes Tepezalá ,19.87,10.73
1 Jalisco Villa Hidalgo ,19.87,10.73
1 Zacatecas Villa García ,19.87,10.73
2 Zacatecas Apozol ,20.21,10.91
2 Zacatecas Atolinga ,20.21,10.91
2 Zacatecas Benito Juárez ,20.21,10.91
2 Zacatecas El Plateado de Joaquín Amaro ,20.21,10.91
2 Zacatecas Huanusco ,20.21,10.91
2 Zacatecas Jalpa ,20.21,10.91
2 Zacatecas Juchipila ,20.21,10.91
2 Zacatecas Mezquital del Oro ,20.21,10.91
2 Zacatecas Momax ,20.21,10.91
2 Zacatecas Moyahua de Estrada ,20.21,10.91
2 Zacatecas Santa María de la Paz ,20.21,10.91
2 Zacatecas Tabasco ,20.21,10.91
2 Zacatecas Tepechitlán ,20.21,10.91
2 Zacatecas Teúl de González Ortega ,20.21,10.91
2 Zacatecas Tlaltenango de Sánchez Román ,20.21,10.91
2 Zacatecas Trinidad García de la Cadena ,20.21,10.91
2 Aguascalientes Calvillo ,20.21,10.91
3 Aguascalientes Cosío ,20.13,10.87
3 Aguascalientes Rincón de Romos ,20.13,10.87
3 Zacatecas Cuauhtémoc ,20.13,10.87
3 Zacatecas Genaro Codina ,20.13,10.87
3 Zacatecas Luis Moya ,20.13,10.87
4 Baja California Ensenada ,18.71,10.10
4 Baja California San Quintín ,18.71,10.10
5 Baja California Playas de Rosarito ,18.73,10.11
6 Baja California Sur Comondú ,22.52,12.16
7 Baja California Sur La Paz ,21.64,11.69
8 Baja California Sur Los Cabos ,22.33,12.06
9 Baja California Sur Loreto ,22.38,12.09
9 Baja California Sur Mulegé ,22.38,12.09
10 Baja California San Felipe ,19.03,10.27
10 Baja California Mexicali ,19.03,10.27
10 Baja California Tecate ,19.03,10.27
10 Baja California Tijuana ,19.03,10.27
11 Campeche Campeche ,19.41,10.48
11 Campeche Champotón ,19.41,10.48
11 Campeche Seybaplaya ,19.41,10.48
11 Campeche Tenabo ,19.41,10.48
12 Campeche Carmen ,19.18,10.36
13 Chiapas Cintalapa de Figueroa ,19.85,10.72
14 Chiapas La Trinitaria ,18.54,10.01
14 Chiapas Las Margaritas ,18.53,10.01
14 Chiapas Maravilla Tenejapa ,18.54,10.01
14 Chiapas Comitán de Domínguez ,19.91,10.75
14 Chiapas La Independencia ,19.90,10.75
14 Chiapas Las Rosas ,19.91,10.75
14 Chiapas Socoltenango ,19.91,10.75
14 Chiapas Tzimol ,19.90,10.75
15 Chiapas Benemérito de las Américas ,18.66,10.08
15 Chiapas Marqués de Comillas ,18.66,10.08
15 Chiapas Ocosingo ,18.65,10.07
15 Chiapas Altamirano ,20.03,10.81
15 Chiapas Chanal ,20.03,10.82
15 Chiapas Chilón ,20.03,10.82
15 Chiapas Oxchuc ,20.03,10.82
15 Chiapas Sabanilla ,20.03,10.81
15 Chiapas Sitalá ,20.03,10.82
15 Chiapas Tila ,20.03,10.82
15 Chiapas Tumbalá ,20.03,10.82
15 Chiapas Yajalón ,20.03,10.82
16 Chiapas Aldama ,20.00,10.80
16 Chiapas Amatenango del Valle ,20.00,10.80
16 Chiapas Chalchihuitán ,20.00,10.80
16 Chiapas Chamula ,20.00,10.80
16 Chiapas Chenalhó ,20.00,10.80
16 Chiapas El Bosque ,20.00,10.80
16 Chiapas Huitiupán ,20.00,10.80
16 Chiapas Huixtán ,20.00,10.80
16 Chiapas Larráinzar ,20.00,10.80
16 Chiapas Mitontic ,20.00,10.80
16 Chiapas Pantelhó ,20.00,10.80
16 Chiapas San Andrés Duraznal ,20.00,10.80
16 Chiapas San Cristóbal de las Casas ,20.00,10.80
16 Chiapas San Juan Cancuc ,20.00,10.80
16 Chiapas Santiago el Pinar ,20.00,10.80
16 Chiapas Simojovel ,20.00,10.80
16 Chiapas Tenejapa ,20.00,10.80
16 Chiapas Teopisca ,20.00,10.80
16 Chiapas Zinacantán ,20.00,10.80
17 Chiapas Amatenango de la Frontera ,18.34,9.90
17 Chiapas Cacahoatán ,18.34,9.90
17 Chiapas Frontera Comalapa ,18.33,9.90
17 Chiapas Frontera Hidalgo ,18.34,9.90
17 Chiapas Mazapa de Madero ,18.33,9.90
17 Chiapas Metapa ,18.34,9.90
17 Chiapas Motozintla ,18.34,9.90
17 Chiapas Suchiate ,18.33,9.90
17 Chiapas Tapachula ,18.34,9.90
17 Chiapas Tuxtla Chico ,18.34,9.90
17 Chiapas Unión Juárez ,18.34,9.90
17 Chiapas Acacoyagua ,19.68,10.63
17 Chiapas Acapetahua ,19.68,10.63
17 Chiapas Bejucal de Ocampo ,19.69,10.63
17 Chiapas Bella Vista ,19.69,10.63
17 Chiapas Chicomuselo ,19.69,10.63
17 Chiapas El Porvenir ,19.69,10.63
17 Chiapas Escuintla ,19.68,10.63
17 Chiapas Honduras de la Sierra ,19.69,10.63
17 Chiapas Huehuetán ,19.68,10.63
17 Chiapas Huixtla ,19.68,10.63
17 Chiapas La Grandeza ,19.68,10.63
17 Chiapas Mapastepec ,19.69,10.63
17 Chiapas Mazatán ,19.69,10.63
17 Chiapas Pijijiapan ,19.69,10.63
17 Chiapas Siltepec ,19.69,10.63
17 Chiapas Tuzantán ,19.68,10.63
17 Chiapas Villa Comaltitlán ,19.68,10.63
18 Chiapas Tonalá ,19.99,10.79
19 Chiapas Acala ,20.03,10.82
19 Chiapas Ángel Albino Corzo ,20.03,10.82
19 Chiapas Berriozábal ,20.03,10.82
19 Chiapas Bochil ,20.03,10.82
19 Chiapas Capitán Luis Ángel Vidal ,20.03,10.82
19 Chiapas Chiapa de Corzo ,20.03,10.82
19 Chiapas Chiapilla ,20.03,10.82
19 Chiapas Chicoasén ,20.03,10.82
19 Chiapas Copainalá ,20.03,10.82
19 Chiapas El Parral ,20.03,10.82
19 Chiapas Emiliano Zapata ,20.03,10.82
19 Chiapas Francisco León ,20.03,10.82
19 Chiapas Ixtapa ,20.03,10.82
19 Chiapas Jiquipilas ,20.03,10.82
19 Chiapas La Concordia ,20.03,10.82
19 Chiapas Mezcalapa ,20.03,10.82
19 Chiapas Montecristo de Guerrero ,20.03,10.82
19 Chiapas Nicolás Ruíz ,20.03,10.82
19 Chiapas Ocozocoautla de Espinosa ,20.03,10.82
19 Chiapas Osumacinta ,20.03,10.82
19 Chiapas San Fernando ,20.03,10.82
19 Chiapas San Lucas ,20.03,10.82
19 Chiapas Soyaló ,20.03,10.82
19 Chiapas Suchiapa ,20.03,10.82
19 Chiapas Tecpatán ,20.03,10.82
19 Chiapas Totolapa ,20.03,10.82
19 Chiapas Tuxtla Gutiérrez ,20.03,10.82
19 Chiapas Venustiano Carranza ,20.03,10.82
19 Chiapas Villa Corzo ,20.03,10.82
19 Chiapas Villaflores ,20.03,10.82
20 Chihuahua Camargo ,19.71,10.64
20 Chihuahua La Cruz ,19.71,10.64
20 Chihuahua San Francisco de Conchos ,19.71,10.64
21 Chihuahua Aldama ,19.35,10.45
21 Chihuahua Aquiles Serdán ,19.35,10.45
21 Chihuahua Chihuahua ,19.35,10.45
21 Chihuahua Delicias ,19.35,10.45
21 Chihuahua Rosales ,19.35,10.45
21 Chihuahua Santa Isabel ,19.35,10.45
21 Chihuahua Satevó ,19.35,10.45
22 Chihuahua Bachíniva ,19.43,10.49
22 Chihuahua Bocoyna ,19.43,10.49
22 Chihuahua Carichí ,19.43,10.49
22 Chihuahua Chínipas ,19.43,10.49
22 Chihuahua Cuauhtémoc ,19.43,10.49
22 Chihuahua Cusihuiriachi ,19.43,10.49
22 Chihuahua Dr. Belisario Domínguez ,19.43,10.49
22 Chihuahua Gran Morelos ,19.43,10.49
22 Chihuahua Guazapares ,19.43,10.49
22 Chihuahua Guerrero ,19.43,10.49
22 Chihuahua Maguarichi ,19.43,10.49
22 Chihuahua Moris ,19.43,10.49
22 Chihuahua Ocampo ,19.43,10.49
22 Chihuahua San Francisco de Borja ,19.43,10.49
22 Chihuahua Urique ,19.43,10.49
22 Chihuahua Uruachi ,19.43,10.49
23 Chihuahua Batopilas de Manuel Gómez Morín ,19.37,10.46
23 Chihuahua Guachochi ,19.37,10.46
23 Chihuahua Guadalupe y Calvo ,19.37,10.46
23 Chihuahua Morelos ,19.37,10.46
23 Chihuahua Nonoava ,19.37,10.46
24 Chihuahua Allende ,19.64,10.61
24 Chihuahua Balleza ,19.64,10.61
24 Chihuahua Coronado ,19.64,10.61
24 Chihuahua El Tule ,19.64,10.61
24 Chihuahua Hidalgo del Parral ,19.64,10.61
24 Chihuahua Huejotitán ,19.64,10.61
24 Chihuahua Matamoros ,19.64,10.61
24 Chihuahua Rosario ,19.64,10.61
24 Chihuahua San Francisco del Oro ,19.64,10.61
24 Chihuahua Santa Bárbara ,19.64,10.61
24 Chihuahua Valle de Zaragoza ,19.64,10.61
25 Chihuahua Jiménez ,19.75,10.66
25 Chihuahua López ,19.75,10.66
26 Chihuahua Juárez ,17.32,9.35
26 Chihuahua Ahumada ,18.59,10.04
26 Chihuahua Buenaventura ,18.58,10.03
27 Chihuahua Madera ,20.41,11.02
27 Chihuahua Matachí ,20.41,11.02
27 Chihuahua Temósachic ,20.41,11.02
28 Chihuahua Julimes ,19.12,10.33
28 Chihuahua Meoqui ,19.12,10.33
28 Chihuahua Saucillo ,19.12,10.33
29 Chihuahua Gómez Farías ,19.97,10.79
29 Chihuahua Ignacio Zaragoza ,19.97,10.79
29 Chihuahua Namiquipa ,19.97,10.79
29 Chihuahua Riva Palacio ,19.97,10.79
30 Chihuahua Ascensión ,17.62,9.52
30 Chihuahua Janos ,17.62,9.52
30 Chihuahua Casas Grandes ,18.92,10.22
30 Chihuahua Galeana ,18.92,10.22
30 Chihuahua Nuevo Casas Grandes ,18.91,10.21
30 Sonora Bacadéhuachi ,18.91,10.21
30 Sonora Nácori Chico ,18.92,10.22
31 Chihuahua Coyame del Sotol ,17.99,9.72
31 Chihuahua Guadalupe ,17.99,9.72
31 Chihuahua Manuel Benavides ,17.99,9.72
31 Chihuahua Ojinaga ,17.99,9.72
31 Chihuahua Praxedis G. Guerrero ,17.99,9.72
32 Ciudad de México Álvaro Obregón ,19.18,10.36
32 Ciudad de México Azcapotzalco ,19.18,10.36
32 Ciudad de México Benito Juárez ,19.18,10.36
32 Ciudad de México Coyoacán ,19.18,10.36
32 Ciudad de México Cuajimalpa de Morelos ,19.18,10.36
32 Ciudad de México Cuauhtémoc ,19.18,10.36
32 Ciudad de México Gustavo A. Madero ,19.18,10.36
32 Ciudad de México Iztacalco ,19.18,10.36
32 Ciudad de México Iztapalapa ,19.18,10.36
32 Ciudad de México La Magdalena Contreras ,19.18,10.36
32 Ciudad de México Miguel Hidalgo ,19.18,10.36
32 Ciudad de México Milpa Alta ,19.18,10.36
32 Ciudad de México Tláhuac ,19.18,10.36
32 Ciudad de México Tlalpan ,19.18,10.36
32 Ciudad de México Venustiano Carranza ,19.18,10.36
32 Ciudad de México Xochimilco ,19.18,10.36
32 Hidalgo Tizayuca ,19.18,10.36
32 México Acolman ,19.18,10.36
32 México Amecameca ,19.18,10.36
32 México Apaxco ,19.18,10.36
32 México Atenco ,19.18,10.36
32 México Atizapán de Zaragoza ,19.18,10.36
32 México Atlautla ,19.18,10.36
32 México Chalco ,19.18,10.36
32 México Chiautla ,19.18,10.36
32 México Chicoloapan ,19.18,10.36
32 México Chiconcuac ,19.18,10.36
32 México Chimalhuacán ,19.18,10.36
32 México Coacalco de Berriozábal ,19.18,10.36
32 México Cocotitlán ,19.18,10.36
32 México Cuautitlán ,19.18,10.36
32 México Cuautitlán Izcalli ,19.18,10.36
32 México Ecatepec de Morelos ,19.18,10.36
32 México Ecatzingo ,19.18,10.36
32 México Hueypoxtla ,19.18,10.36
32 México Huixquilucan ,19.18,10.36
32 México Ixtapaluca ,19.18,10.36
32 México Juchitepec ,19.18,10.36
32 México La Paz ,19.18,10.36
32 México Melchor Ocampo ,19.18,10.36
32 México Naucalpan de Juárez ,19.18,10.36
32 México Nextlalpan ,19.18,10.36
32 México Nezahualcóyotl ,19.18,10.36
32 México Otumba ,19.18,10.36
32 México Ozumba ,19.18,10.36
32 México Papalotla ,19.18,10.36
32 México San Martín de las Pirámides ,19.18,10.36
32 México Temamatla ,19.18,10.36
32 México Tepetlaoxtoc ,19.18,10.36
32 México Tepetlixpa ,19.18,10.36
32 México Tepotzotlán ,19.18,10.36
32 México Tequixquiac ,19.18,10.36
32 México Texcoco ,19.18,10.36
32 México Tezoyuca ,19.18,10.36
32 México Tlalmanalco ,19.18,10.36
32 México Tlalnepantla de Baz ,19.18,10.36
32 México Tultepec ,19.18,10.36
32 México Tultitlán ,19.18,10.36
32 México Valle de Chalco Solidaridad ,19.18,10.36
32 México Zumpango ,19.18,10.36
33 Coahuila de Zaragoza Acuña ,17.98,9.71
34 Coahuila de Zaragoza Ocampo ,18.78,10.14
34 Coahuila de Zaragoza Castaños ,20.11,10.86
34 Coahuila de Zaragoza Cuatro Ciénegas ,20.14,10.87
34 Coahuila de Zaragoza Lamadrid ,20.14,10.87
34 Coahuila de Zaragoza Sacramento ,20.14,10.87
34 Coahuila de Zaragoza Sierra Mojada ,20.14,10.87
35 Coahuila de Zaragoza Abasolo ,18.96,10.24
35 Coahuila de Zaragoza Escobedo ,18.96,10.24
36 Coahuila de Zaragoza Francisco I. Madero ,20.05,10.83
37 Coahuila de Zaragoza Guerrero ,16.99,9.18
37 Coahuila de Zaragoza Hidalgo ,16.99,9.18
38 Coahuila de Zaragoza Candela ,19.50,10.53
38 Coahuila de Zaragoza Frontera ,19.50,10.53
38 Coahuila de Zaragoza Monclova ,19.50,10.53
38 Coahuila de Zaragoza Nadadores ,19.50,10.53
38 Coahuila de Zaragoza San Buenaventura ,19.50,10.53
39 Coahuila de Zaragoza Juárez ,18.44,9.96
39 Coahuila de Zaragoza Múzquiz ,18.44,9.96
39 Coahuila de Zaragoza Progreso ,18.44,9.96
39 Coahuila de Zaragoza Sabinas ,18.44,9.96
39 Coahuila de Zaragoza San Juan de Sabinas ,18.44,9.96
40 Coahuila de Zaragoza Parras ,19.94,10.77
41 Coahuila de Zaragoza Jiménez ,17.51,9.45
41 Coahuila de Zaragoza Nava ,17.56,9.48
41 Coahuila de Zaragoza Piedras Negras ,17.51,9.45
41 Coahuila de Zaragoza Zaragoza ,17.51,9.45
41 Coahuila de Zaragoza Allende ,18.80,10.15
41 Coahuila de Zaragoza Morelos ,18.80,10.15
41 Coahuila de Zaragoza Villa Unión ,18.75,10.13
42 Coahuila de Zaragoza Arteaga ,20.19,10.90
42 Coahuila de Zaragoza General Cepeda ,20.19,10.90
42 Coahuila de Zaragoza Ramos Arizpe ,20.19,10.90
42 Coahuila de Zaragoza Saltillo ,20.19,10.90
43 Coahuila de Zaragoza San Pedro ,20.53,11.09
44 Coahuila de Zaragoza Matamoros ,19.63,10.60
44 Coahuila de Zaragoza Torreón ,19.63,10.60
44 Coahuila de Zaragoza Viesca ,19.63,10.60
44 Durango Gómez Palacio ,19.63,10.60
44 Durango Lerdo ,19.63,10.60
45 Colima Armería ,18.93,10.22
45 Colima Colima ,18.93,10.22
45 Colima Comala ,18.93,10.22
45 Colima Coquimatlán ,18.93,10.22
45 Colima Cuauhtémoc ,18.93,10.22
45 Colima Ixtlahuacán ,18.93,10.22
45 Colima Manzanillo ,18.93,10.22
45 Colima Minatitlán ,18.93,10.22
45 Colima Tecomán ,18.93,10.22
45 Colima Villa de Álvarez ,18.93,10.22
45 Jalisco Tonila ,18.93,10.22
45 Michoacán de Ocampo Aquila ,18.93,10.22
45 Michoacán de Ocampo Chinicuila ,18.93,10.22
45 Michoacán de Ocampo Coahuayana ,18.93,10.22
46 Durango Canatlán ,20.72,11.19
47 Durango Cuencamé ,20.19,10.90
47 Durango General Simón Bolívar ,20.19,10.90
47 Durango Nazas ,20.19,10.90
47 Durango Rodeo ,20.19,10.90
47 Durango San Juan de Guadalupe ,20.19,10.90
47 Durango San Luis del Cordero ,20.19,10.90
47 Durango San Pedro del Gallo ,20.19,10.90
48 Durango Durango ,20.17,10.89
48 Durango Mezquital ,20.17,10.89
49 Durango El Oro ,20.82,11.24
49 Durango Indé ,20.82,11.24
49 Durango San Bernardo ,20.82,11.24
50 Durango Guadalupe Victoria ,20.83,11.25
50 Durango Pánuco de Coronado ,20.83,11.25
50 Durango Peñón Blanco ,20.83,11.25
51 Durango Mapimí ,20.25,10.93
51 Durango Tlahualilo ,20.25,10.93
52 Durango Hidalgo ,20.67,11.16
52 Durango Ocampo ,20.67,11.16
53 Durango Nombre de Dios ,19.86,10.73
53 Durango Poanas ,19.86,10.73
54 Durango Pueblo Nuevo ,20.64,11.14
54 Durango San Dimas ,20.64,11.14
55 Durango Coneto de Comonfort ,20.56,11.10
55 Durango San Juan del Río ,20.56,11.10
56 Durango Nuevo Ideal ,21.03,11.35
56 Durango Otáez ,21.03,11.35
56 Durango Santiago Papasquiaro ,21.03,11.35
57 Durango Canelas ,20.54,11.09
57 Durango Guanaceví ,20.54,11.09
57 Durango Tepehuanes ,20.54,11.09
57 Durango Topia ,20.54,11.09
58 Durango Súchil ,20.87,11.27
58 Durango Vicente Guerrero ,20.87,11.27
59 Guanajuato Acámbaro ,19.66,10.62
59 Guanajuato Coroneo ,19.66,10.62
59 Guanajuato Jerécuaro ,19.66,10.62
59 Guanajuato Salvatierra ,19.66,10.62
59 Guanajuato Santiago Maravatío ,19.66,10.62
59 Guanajuato Tarandacuao ,19.66,10.62
59 Michoacán de Ocampo Álvaro Obregón ,19.66,10.62
59 Michoacán de Ocampo Epitacio Huerta ,19.66,10.62
59 Michoacán de Ocampo Santa Ana Maya ,19.66,10.62
59 Michoacán de Ocampo Zinapécuaro ,19.66,10.62
60 Guanajuato Apaseo el Alto ,19.78,10.68
60 Guanajuato Apaseo el Grande ,19.78,10.68
60 Guanajuato Celaya ,19.78,10.68
60 Guanajuato Comonfort ,19.78,10.68
60 Guanajuato Santa Cruz de Juventino Rosas ,19.78,10.68
60 Guanajuato Tarimoro ,19.78,10.68
61 Guanajuato Cortazar ,20.00,10.80
61 Guanajuato Villagrán ,20.00,10.80
62 Guanajuato Abasolo ,19.55,10.56
62 Guanajuato Cuerámaro ,19.55,10.56
62 Guanajuato Huanímaro ,19.55,10.56
62 Guanajuato Irapuato ,19.55,10.56
62 Guanajuato Pueblo Nuevo ,19.55,10.56
62 Michoacán de Ocampo José Sixto Verduzco ,19.55,10.56
63 Guanajuato León ,19.77,10.68
63 Jalisco Lagos de Moreno ,19.77,10.68
64 Guanajuato Pénjamo ,19.28,10.41
65 Guanajuato Salamanca ,19.67,10.62
66 Guanajuato Ocampo ,19.69,10.63
66 Guanajuato San Felipe ,19.69,10.63
67 Guanajuato Manuel Doblado ,19.82,10.70
67 Guanajuato Purísima del Rincón ,19.82,10.70
67 Guanajuato San Francisco del Rincón ,19.82,10.70
68 Guanajuato Atarjea ,19.12,10.32
68 Guanajuato Doctor Mora ,19.12,10.32
68 Guanajuato San José Iturbide ,19.12,10.32
68 Guanajuato San Luis de la Paz ,19.12,10.32
68 Guanajuato Santa Catarina ,19.12,10.32
68 Guanajuato Tierra Blanca ,19.12,10.32
68 Guanajuato Victoria ,19.12,10.32
68 Guanajuato Xichú ,19.12,10.32
69 Guanajuato Dolores Hidalgo Cuna de la Independencia Nacional ,19.23,10.38
69 Guanajuato San Diego de la Unión ,19.23,10.38
69 Guanajuato San Miguel de Allende ,19.23,10.38
70 Guanajuato Guanajuato ,19.54,10.55
70 Guanajuato Romita ,19.54,10.55
70 Guanajuato Silao de la Victoria ,19.54,10.55
71 Guanajuato Jaral del Progreso ,19.69,10.63
71 Guanajuato Valle de Santiago ,19.69,10.63
72 Guanajuato Moroleón ,19.64,10.60
72 Guanajuato Uriangato ,19.64,10.60
72 Guanajuato Yuriria ,19.64,10.60
72 Michoacán de Ocampo Cuitzeo ,19.64,10.60
73 Guerrero Acapulco de Juárez ,19.74,10.66
73 Guerrero Ayutla de los Libres ,19.74,10.66
73 Guerrero Florencio Villarreal ,19.74,10.66
73 Guerrero San Marcos ,19.74,10.66
73 Guerrero Tecoanapa ,19.74,10.66
73 Guerrero Las Vigas ,19.74,10.66
73 Guerrero Ñuu Savi ,19.74,10.66
74 Guerrero Chilapa de Álvarez ,19.45,10.50
74 Guerrero Chilpancingo de los Bravo ,19.45,10.50
74 Guerrero General Heliodoro Castillo ,19.45,10.50
74 Guerrero José Joaquín de Herrera ,19.45,10.50
74 Guerrero Juan R. Escudero ,19.45,10.50
74 Guerrero Leonardo Bravo ,19.45,10.50
74 Guerrero Mártir de Cuilapan ,19.45,10.50
74 Guerrero Mochitlán ,19.45,10.50
74 Guerrero Quechultenango ,19.45,10.50
74 Guerrero Tixtla de Guerrero ,19.45,10.50
75 Guerrero Atoyac de Álvarez ,19.12,10.32
75 Guerrero Benito Juárez ,19.12,10.32
75 Guerrero Coyuca de Benítez ,19.12,10.32
75 Guerrero Técpan de Galeana ,19.12,10.32
76 Guerrero Ajuchitlán del Progreso ,19.27,10.41
76 Guerrero Coyuca de Catalán ,19.27,10.41
76 Guerrero Pungarabato ,19.27,10.41
76 Guerrero San Miguel Totolapan ,19.27,10.41
76 Guerrero Tlapehuala ,19.27,10.41
76 Guerrero Zirándaro ,19.27,10.41
77 Guerrero Apaxtla ,19.31,10.43
77 Guerrero Atenango del Río ,19.31,10.43
77 Guerrero Buenavista de Cuéllar ,19.31,10.43
77 Guerrero Cocula ,19.31,10.43
77 Guerrero Copalillo ,19.31,10.43
77 Guerrero Cuetzala del Progreso ,19.31,10.43
77 Guerrero Eduardo Neri ,19.31,10.43
77 Guerrero Huitzuco de los Figueroa ,19.31,10.43
77 Guerrero Iguala de la Independencia ,19.31,10.43
77 Guerrero Pedro Ascencio Alquisiras ,19.31,10.43
77 Guerrero Pilcaya ,19.31,10.43
77 Guerrero Teloloapan ,19.31,10.43
77 Guerrero Tepecoacuilco de Trujano ,19.31,10.43
77 Guerrero Zitlala ,19.31,10.43
77 México Almoloya de Alquisiras ,19.31,10.43
77 México Ixtapan de la Sal ,19.31,10.43
77 México Sultepec ,19.31,10.43
77 México Tenancingo ,19.31,10.43
77 México Texcaltitlán ,19.31,10.43
77 México Tonatico ,19.31,10.43
77 México Zacualpan ,19.31,10.43
77 México Zumpahuacán ,19.31,10.43
77 Morelos Coatlán del Río ,19.31,10.43
77 Morelos Tetecala ,19.31,10.43
78 Guerrero Azoyú ,20.07,10.84
78 Guerrero Cuajinicuilapa ,20.07,10.84
78 Guerrero Igualapa ,20.07,10.84
78 Guerrero Juchitán ,20.07,10.84
78 Guerrero Ometepec ,20.07,10.84
78 Guerrero Tlacoachistlahuaca ,20.07,10.84
78 Guerrero Xochistlahuaca ,20.07,10.84
78 Guerrero San Nicolás ,20.07,10.84
79 Guerrero Ixcateopan de Cuauhtémoc ,19.17,10.35
79 Guerrero Taxco de Alarcón ,19.17,10.35
79 Guerrero Tetipac ,19.17,10.35
80 Guerrero Acatepec ,19.35,10.45
80 Guerrero Ahuacuotzingo ,19.35,10.45
80 Guerrero Alcozauca de Guerrero ,19.35,10.45
80 Guerrero Alpoyeca ,19.35,10.45
80 Guerrero Atlamajalcingo del Monte ,19.35,10.45
80 Guerrero Atlixtac ,19.35,10.45
80 Guerrero Cochoapa el Grande ,19.35,10.45
80 Guerrero Copala ,19.35,10.45
80 Guerrero Copanatoyac ,19.35,10.45
80 Guerrero Cualác ,19.35,10.45
80 Guerrero Cuautepec ,19.35,10.45
80 Guerrero Huamuxtitlán ,19.35,10.45
80 Guerrero Iliatenco ,19.35,10.45
80 Guerrero Malinaltepec ,19.35,10.45
80 Guerrero Marquelia ,19.35,10.45
80 Guerrero Metlatónoc ,19.35,10.45
80 Guerrero Olinalá ,19.35,10.45
80 Guerrero San Luis Acatlán ,19.35,10.45
80 Guerrero Tlacoapa ,19.35,10.45
80 Guerrero Tlalixtaquilla de Maldonado ,19.35,10.45
80 Guerrero Tlapa de Comonfort ,19.35,10.45
80 Guerrero Xalpatláhuac ,19.35,10.45
80 Guerrero Zapotitlán Tablas ,19.35,10.45
80 Oaxaca Calihualá ,19.35,10.45
80 Oaxaca Coicoyán de las Flores ,19.35,10.45
80 Oaxaca Constancia del Rosario ,19.35,10.45
80 Oaxaca Ixpantepec Nieves ,19.35,10.45
80 Oaxaca Putla Villa de Guerrero ,19.35,10.45
80 Oaxaca San Francisco Tlapancingo ,19.35,10.45
80 Oaxaca San Juan Bautista Tlachichilco ,19.35,10.45
80 Oaxaca San Juan Ihualtepec ,19.35,10.45
80 Oaxaca San Martín Itunyoso ,19.35,10.45
80 Oaxaca San Martín Peras ,19.35,10.45
80 Oaxaca San Miguel Ahuehuetitlán ,19.35,10.45
80 Oaxaca San Miguel Tlacotepec ,19.35,10.45
80 Oaxaca San Sebastián Tecomaxtlahuaca ,19.35,10.45
80 Oaxaca Santa Cruz de Bravo ,19.35,10.45
80 Oaxaca Santa Lucía Monteverde ,19.35,10.45
80 Oaxaca Santa María Yucuhiti ,19.35,10.45
80 Oaxaca Santiago del Río ,19.35,10.45
80 Oaxaca Santiago Juxtlahuaca ,19.35,10.45
80 Oaxaca Santiago Nuyoó ,19.35,10.45
80 Oaxaca Santiago Tamazola ,19.35,10.45
80 Oaxaca Santiago Yucuyachi ,19.35,10.45
80 Oaxaca Santo Tomás Ocotepec ,19.35,10.45
80 Oaxaca Silacayoápam ,19.35,10.45
80 Oaxaca Mesones Hidalgo ,19.35,10.45
80 Oaxaca San Antonio Tepetlapa ,19.35,10.45
80 Oaxaca San Juan Cacahuatepec ,19.35,10.45
80 Oaxaca San Pedro Amuzgos ,19.35,10.45
80 Oaxaca Santa María Ipalapa ,19.35,10.45
80 Oaxaca Santa María Zacatepec ,19.35,10.45
80 Puebla Ixcamilpa de Guerrero ,19.35,10.45
80 Guerrero Santa Cruz del Rincón ,19.35,10.45
81 Guerrero Coahuayutla de José María Izazaga ,19.69,10.63
81 Guerrero La Unión de Isidoro Montes de Oca ,19.69,10.63
81 Guerrero Petatlán ,19.69,10.63
81 Guerrero Zihuatanejo de Azueta ,19.69,10.63
82 Hidalgo Almoloya ,19.37,10.46
82 Hidalgo Apan ,19.37,10.46
82 Hidalgo Emiliano Zapata ,19.37,10.46
82 Tlaxcala Benito Juárez ,19.37,10.46
82 Tlaxcala Españita ,19.37,10.46
82 Tlaxcala Nanacamilpa de Mariano Arista ,19.37,10.46
82 Tlaxcala Sanctórum de Lázaro Cárdenas ,19.37,10.46
83 Hidalgo Atitalaquia ,19.12,10.32
84 Hidalgo Acatlán ,18.54,10.01
84 Hidalgo Acaxochitlán ,18.54,10.01
84 Hidalgo Actopan ,18.54,10.01
84 Hidalgo Agua Blanca de Iturbide ,18.54,10.01
84 Hidalgo Ajacuba ,18.54,10.01
84 Hidalgo Alfajayucan ,18.54,10.01
84 Hidalgo Atotonilco de Tula ,18.54,10.01
84 Hidalgo Atotonilco el Grande ,18.54,10.01
84 Hidalgo Cardonal ,18.54,10.01
84 Hidalgo Chapantongo ,18.54,10.01
84 Hidalgo Chilcuautla ,18.54,10.01
84 Hidalgo Cuautepec de Hinojosa ,18.54,10.01
84 Hidalgo El Arenal ,18.54,10.01
84 Hidalgo Eloxochitlán ,18.54,10.01
84 Hidalgo Epazoyucan ,18.54,10.01
84 Hidalgo Francisco I. Madero ,18.54,10.01
84 Hidalgo Huasca de Ocampo ,18.54,10.01
84 Hidalgo Huehuetla ,18.54,10.01
84 Hidalgo Huichapan ,18.54,10.01
84 Hidalgo Ixmiquilpan ,18.54,10.01
84 Hidalgo Jacala de Ledezma ,18.54,10.01
84 Hidalgo Juárez Hidalgo ,18.54,10.01
84 Hidalgo La Misión ,18.54,10.01
84 Hidalgo Lolotla ,18.54,10.01
84 Hidalgo Metepec ,18.54,10.01
84 Hidalgo Metztitlán ,18.54,10.01
84 Hidalgo Mineral de la Reforma ,18.54,10.01
84 Hidalgo Mineral del Chico ,18.54,10.01
84 Hidalgo Mineral del Monte ,18.54,10.01
84 Hidalgo Mixquiahuala de Juárez ,18.54,10.01
84 Hidalgo Molango de Escamilla ,18.54,10.01
84 Hidalgo Nicolás Flores ,18.54,10.01
84 Hidalgo Nopala de Villagrán ,18.54,10.01
84 Hidalgo Omitlán de Juárez ,18.54,10.01
84 Hidalgo Pachuca de Soto ,18.54,10.01
84 Hidalgo Pacula ,18.54,10.01
84 Hidalgo Progreso de Obregón ,18.54,10.01
84 Hidalgo San Agustín Metzquititlán ,18.54,10.01
84 Hidalgo San Agustín Tlaxiaca ,18.54,10.01
84 Hidalgo San Bartolo Tutotepec ,18.54,10.01
84 Hidalgo San Salvador ,18.54,10.01
84 Hidalgo Santiago de Anaya ,18.54,10.01
84 Hidalgo Santiago Tulantepec de Lugo Guerrero ,18.54,10.01
84 Hidalgo Singuilucan ,18.54,10.01
84 Hidalgo Tasquillo ,18.54,10.01
84 Hidalgo Tenango de Doria ,18.54,10.01
84 Hidalgo Tepeapulco ,18.54,10.01
84 Hidalgo Tepeji del Río de Ocampo ,18.54,10.01
84 Hidalgo Tepetitlán ,18.54,10.01
84 Hidalgo Tetepango ,18.54,10.01
84 Hidalgo Tianguistengo ,18.54,10.01
84 Hidalgo Tlahuelilpan ,18.54,10.01
84 Hidalgo Tlahuiltepa ,18.54,10.01
84 Hidalgo Tlanalapa ,18.54,10.01
84 Hidalgo Tlaxcoapan ,18.54,10.01
84 Hidalgo Tula de Allende ,18.54,10.01
84 Hidalgo Tulancingo de Bravo ,18.54,10.01
84 Hidalgo Xochicoatlán ,18.54,10.01
84 Hidalgo Zacualtipán de Ángeles ,18.54,10.01
84 Hidalgo Zempoala ,18.54,10.01
84 Hidalgo Zimapán ,18.54,10.01
84 México Acambay de Ruíz Castañeda ,18.54,10.01
84 México Aculco ,18.54,10.01
84 México Amanalco ,18.54,10.01
84 México Atlacomulco ,18.54,10.01
84 México Chapa de Mota ,18.54,10.01
84 México El Oro ,18.54,10.01
84 México Jilotepec ,18.54,10.01
84 México Jocotitlán ,18.54,10.01
84 México Morelos ,18.54,10.01
84 México Polotitlán ,18.54,10.01
84 México San José del Rincón ,18.54,10.01
84 México Soyaniquilpan de Juárez ,18.54,10.01
84 México Temascalcingo ,18.54,10.01
84 México Timilpan ,18.54,10.01
84 México Villa del Carbón ,18.54,10.01
84 México Villa Victoria ,18.54,10.01
84 Puebla Honey ,18.54,10.01
84 Puebla Pahuatlán ,18.54,10.01
84 Puebla Tlacuilotepec ,18.54,10.01
84 Puebla Tlaxco ,18.54,10.01
84 Veracruz de Ignacio de la Llave Huayacocotla ,18.54,10.01
85 Hidalgo Tezontepec de Aldama ,19.94,10.77
86 Jalisco Arandas ,19.26,10.40
86 Jalisco Jesús María ,19.26,10.40
87 Jalisco Atotonilco el Alto ,19.29,10.42
87 Jalisco Ayotlán ,19.29,10.42
88 Jalisco Autlán de Navarro ,19.49,10.52
88 Jalisco Ayutla ,19.49,10.52
88 Jalisco Casimiro Castillo ,19.49,10.52
88 Jalisco Cuautla ,19.49,10.52
88 Jalisco Ejutla ,19.49,10.52
88 Jalisco El Grullo ,19.49,10.52
88 Jalisco El Limón ,19.49,10.52
88 Jalisco Unión de Tula ,19.49,10.52
88 Jalisco Villa Purificación ,19.49,10.52
89 Jalisco Cihuatlán ,19.28,10.41
89 Jalisco Cuautitlán de García Barragán ,19.28,10.41
89 Jalisco La Huerta ,19.28,10.41
90 Jalisco Atengo ,19.75,10.67
90 Jalisco Cocula ,19.75,10.67
90 Jalisco Juchitlán ,19.75,10.67
90 Jalisco Tecolotlán ,19.75,10.67
90 Jalisco Tenamaxtlán ,19.75,10.67
91 Jalisco Colotlán ,20.34,10.98
91 Jalisco Huejúcar ,20.34,10.98
91 Jalisco Santa María de los Ángeles ,20.34,10.98
92 Jalisco Ixtlahuacán de los Membrillos ,19.77,10.68
93 Jalisco Atenguillo ,19.97,10.78
93 Jalisco Mascota ,19.97,10.78
93 Jalisco Mixtlán ,19.97,10.78
93 Jalisco Puerto Vallarta ,19.97,10.78
93 Jalisco Talpa de Allende ,19.97,10.78
93 Nayarit Bahía de Banderas ,19.97,10.78
94 Jalisco Encarnación de Díaz ,19.51,10.54
94 Jalisco Jalostotitlán ,19.51,10.54
94 Jalisco San Juan de los Lagos ,19.51,10.54
95 Jalisco Cañadas de Obregón ,19.29,10.42
95 Jalisco San Ignacio Cerro Gordo ,19.29,10.42
95 Jalisco San Julián ,19.29,10.42
95 Jalisco San Miguel el Alto ,19.29,10.42
95 Jalisco Valle de Guadalupe ,19.29,10.42
96 Jalisco Teocaltiche ,19.47,10.51
96 Zacatecas Apulco ,19.47,10.51
96 Zacatecas Nochistlán de Mejía ,19.47,10.51
97 Jalisco Acatic ,19.30,10.42
97 Jalisco Tepatitlán de Morelos ,19.30,10.42
98 Jalisco Cabo Corrientes ,19.93,10.76
98 Jalisco Tomatlán ,19.93,10.76
99 Jalisco San Diego de Alejandría ,20.18,10.90
99 Jalisco Unión de San Antonio ,20.18,10.90
100 Jalisco Cuquío ,20.10,10.85
100 Jalisco Mexticacán ,20.10,10.85
100 Jalisco Yahualica de González Gallo ,20.10,10.85
101 Jalisco Acatlán de Juárez ,19.27,10.41
101 Jalisco Ahualulco de Mercado ,19.27,10.41
101 Jalisco Amacueca ,19.27,10.41
101 Jalisco Amatitán ,19.27,10.41
101 Jalisco Ameca ,19.27,10.41
101 Jalisco Atemajac de Brizuela ,19.27,10.41
101 Jalisco Atoyac ,19.27,10.41
101 Jalisco Chapala ,19.27,10.41
101 Jalisco Concepción de Buenos Aires ,19.27,10.41
101 Jalisco El Arenal ,19.27,10.41
101 Jalisco El Salto ,19.27,10.41
101 Jalisco Etzatlán ,19.27,10.41
101 Jalisco Guadalajara ,19.27,10.41
101 Jalisco Hostotipaquillo ,19.27,10.41
101 Jalisco Ixtlahuacán del Río ,19.27,10.41
101 Jalisco Jocotepec ,19.27,10.41
101 Jalisco Juanacatlán ,19.27,10.41
101 Jalisco La Manzanilla de la Paz ,19.27,10.41
101 Jalisco Magdalena ,19.27,10.41
101 Jalisco Mazamitla ,19.27,10.41
101 Jalisco Poncitlán ,19.27,10.41
101 Jalisco San Cristóbal de la Barranca ,19.27,10.41
101 Jalisco San Juanito de Escobedo ,19.27,10.41
101 Jalisco San Marcos ,19.27,10.41
101 Jalisco San Martín Hidalgo ,19.27,10.41
101 Jalisco San Pedro Tlaquepaque ,19.27,10.41
101 Jalisco Santa María del Oro ,19.27,10.41
101 Jalisco Tala ,19.27,10.41
101 Jalisco Tamazula de Gordiano ,19.27,10.41
101 Jalisco Techaluta de Montenegro ,19.27,10.41
101 Jalisco Teocuitatlán de Corona ,19.27,10.41
101 Jalisco Tequila ,19.27,10.41
101 Jalisco Teuchitlán ,19.27,10.41
101 Jalisco Tlajomulco de Zúñiga ,19.27,10.41
101 Jalisco Tonalá ,19.27,10.41
101 Jalisco Valle de Juárez ,19.27,10.41
101 Jalisco Villa Corona ,19.27,10.41
101 Jalisco Zacoalco de Torres ,19.27,10.41
101 Jalisco Zapopan ,19.27,10.41
101 Jalisco Zapotlán del Rey ,19.27,10.41
101 Michoacán de Ocampo Marcos Castellanos ,19.27,10.41
102 Jalisco Chiquilistlán ,19.35,10.45
102 Jalisco Gómez Farías ,19.35,10.45
102 Jalisco Pihuamo ,19.35,10.45
102 Jalisco San Gabriel ,19.35,10.45
102 Jalisco Sayula ,19.35,10.45
102 Jalisco Tapalpa ,19.35,10.45
102 Jalisco Tolimán ,19.35,10.45
102 Jalisco Tonaya ,19.35,10.45
102 Jalisco Tuxcacuesco ,19.35,10.45
102 Jalisco Tuxpan ,19.35,10.45
102 Jalisco Zapotiltic ,19.35,10.45
102 Jalisco Zapotitlán de Vadillo ,19.35,10.45
102 Jalisco Zapotlán el Grande ,19.35,10.45
103 Jalisco Zapotlanejo ,19.02,10.27
104 México Axapusco ,18.85,10.18
104 México Nopaltepec ,18.85,10.18
105 México Coyotepec ,18.94,10.23
105 México Huehuetoca ,18.94,10.23
105 México Teoloyucan ,18.94,10.23
106 México Isidro Fabela ,19.25,10.39
106 México Jilotzingo ,19.25,10.39
106 México Nicolás Romero ,19.25,10.39
107 México San Simón de Guerrero ,19.57,10.57
108 México Jaltenco ,19.12,10.32
108 México Tecámac ,19.12,10.32
108 México Teotihuacán ,19.12,10.32
108 México Tonanitla ,19.12,10.32
109 Guerrero Arcelia ,19.13,10.33
109 Guerrero Cutzamala de Pinzón ,19.13,10.33
109 Guerrero General Canuto A. Neri ,19.13,10.33
109 Guerrero Tlalchapa ,19.13,10.33
109 México Amatepec ,19.13,10.33
109 México Ixtapan del Oro ,19.13,10.33
109 México Luvianos ,19.13,10.33
109 México Otzoloapan ,19.13,10.33
109 México Santo Tomás ,19.13,10.33
109 México Tejupilco ,19.13,10.33
109 México Temascaltepec ,19.13,10.33
109 México Tlatlaya ,19.13,10.33
109 México Valle de Bravo ,19.13,10.33
109 México Zacazonapan ,19.13,10.33
110 Hidalgo Tolcayuca ,18.61,10.05
110 Hidalgo Villa de Tezontepec ,18.61,10.05
110 Hidalgo Zapotlán de Juárez ,18.61,10.05
110 México Temascalapa ,18.61,10.05
111 México Ayapango ,18.48,9.98
111 México Tenango del Aire ,18.48,9.98
112 México Almoloya de Juárez ,19.23,10.38
112 México Almoloya del Río ,19.23,10.38
112 México Atizapán ,19.23,10.38
112 México Calimaya ,19.23,10.38
112 México Capulhuac ,19.23,10.38
112 México Chapultepec ,19.23,10.38
112 México Coatepec Harinas ,19.23,10.38
112 México Ixtlahuaca ,19.23,10.38
112 México Jiquipilco ,19.23,10.38
112 México Joquicingo ,19.23,10.38
112 México Lerma ,19.23,10.38
112 México Malinalco ,19.23,10.38
112 México Metepec ,19.23,10.38
112 México Mexicaltzingo ,19.23,10.38
112 México Ocoyoacac ,19.23,10.38
112 México Ocuilan ,19.23,10.38
112 México Otzolotepec ,19.23,10.38
112 México Rayón ,19.23,10.38
112 México San Antonio la Isla ,19.23,10.38
112 México San Felipe del Progreso ,19.23,10.38
112 México San Mateo Atenco ,19.23,10.38
112 México Temoaya ,19.23,10.38
112 México Tenango del Valle ,19.23,10.38
112 México Texcalyacac ,19.23,10.38
112 México Tianguistenco ,19.23,10.38
112 México Toluca ,19.23,10.38
112 México Villa Guerrero ,19.23,10.38
112 México Xalatlaco ,19.23,10.38
112 México Xonacatlán ,19.23,10.38
112 México Zinacantepec ,19.23,10.38
113 Jalisco Jilotlán de los Dolores ,20.16,10.89
113 Jalisco Tecalitlán ,20.16,10.89
113 Michoacán de Ocampo Aguililla ,20.16,10.89
113 Michoacán de Ocampo Apatzingán ,20.16,10.89
113 Michoacán de Ocampo Arteaga ,20.16,10.89
113 Michoacán de Ocampo Buenavista ,20.16,10.89
113 Michoacán de Ocampo Churumuco ,20.16,10.89
113 Michoacán de Ocampo Coalcomán de Vázquez Pallares ,20.16,10.89
113 Michoacán de Ocampo Parácuaro ,20.16,10.89
113 Michoacán de Ocampo Tepalcatepec ,20.16,10.89
113 Michoacán de Ocampo Tumbiscatío ,20.16,10.89
114 Michoacán de Ocampo Contepec ,18.58,10.03
114 Michoacán de Ocampo Hidalgo ,18.58,10.03
114 Michoacán de Ocampo Maravatío ,18.58,10.03
114 Michoacán de Ocampo Tlalpujahua ,18.58,10.03
114 Michoacán de Ocampo Tuxpan ,18.58,10.03
115 Michoacán de Ocampo Carácuaro ,19.04,10.28
115 Michoacán de Ocampo Huetamo ,19.04,10.28
115 Michoacán de Ocampo Nocupétaro ,19.04,10.28
115 Michoacán de Ocampo San Lucas ,19.04,10.28
115 Michoacán de Ocampo Tiquicheo de Nicolás Romero ,19.04,10.28
116 Jalisco Degollado ,20.03,10.81
116 Jalisco Jamay ,20.03,10.81
116 Jalisco La Barca ,20.03,10.81
116 Jalisco Ocotlán ,20.03,10.81
116 Jalisco Tototlán ,20.03,10.81
116 Michoacán de Ocampo Briseñas ,20.03,10.81
116 Michoacán de Ocampo La Piedad ,20.03,10.81
116 Michoacán de Ocampo Numarán ,20.03,10.81
116 Michoacán de Ocampo Penjamillo ,20.03,10.81
116 Michoacán de Ocampo Tanhuato ,20.03,10.81
116 Michoacán de Ocampo Vista Hermosa ,20.03,10.81
116 Michoacán de Ocampo Yurécuaro ,20.03,10.81
117 Michoacán de Ocampo Lázaro Cárdenas ,19.80,10.69
118 Michoacán de Ocampo Cotija ,20.23,10.92
118 Michoacán de Ocampo Los Reyes ,20.23,10.92
118 Michoacán de Ocampo Peribán ,20.23,10.92
118 Michoacán de Ocampo Tancítaro ,20.23,10.92
118 Michoacán de Ocampo Tingüindín ,20.23,10.92
118 Michoacán de Ocampo Tocumbo ,20.23,10.92
119 Michoacán de Ocampo Acuitzio ,19.68,10.63
119 Michoacán de Ocampo Charo ,19.68,10.63
119 Michoacán de Ocampo Chucándiro ,19.68,10.63
119 Michoacán de Ocampo Copándaro ,19.68,10.63
119 Michoacán de Ocampo Huandacareo ,19.68,10.63
119 Michoacán de Ocampo Indaparapeo ,19.68,10.63
119 Michoacán de Ocampo Madero ,19.68,10.63
119 Michoacán de Ocampo Morelia ,19.68,10.63
119 Michoacán de Ocampo Morelos ,19.68,10.63
119 Michoacán de Ocampo Queréndaro ,19.68,10.63
119 Michoacán de Ocampo Tarímbaro ,19.68,10.63
119 Michoacán de Ocampo Tzitzio ,19.68,10.63
120 Michoacán de Ocampo Angamacutiro ,19.63,10.60
120 Michoacán de Ocampo Cherán ,19.63,10.60
120 Michoacán de Ocampo Coeneo ,19.63,10.60
120 Michoacán de Ocampo Erongarícuaro ,19.63,10.60
120 Michoacán de Ocampo Huaniqueo ,19.63,10.60
120 Michoacán de Ocampo Huiramba ,19.63,10.60
120 Michoacán de Ocampo Jiménez ,19.63,10.60
120 Michoacán de Ocampo Lagunillas ,19.63,10.60
120 Michoacán de Ocampo Nahuatzen ,19.63,10.60
120 Michoacán de Ocampo Panindícuaro ,19.63,10.60
120 Michoacán de Ocampo Paracho ,19.63,10.60
120 Michoacán de Ocampo Pátzcuaro ,19.63,10.60
120 Michoacán de Ocampo Quiroga ,19.63,10.60
120 Michoacán de Ocampo Tingambato ,19.63,10.60
120 Michoacán de Ocampo Tzintzuntzan ,19.63,10.60
120 Michoacán de Ocampo Zacapu ,19.63,10.60
120 Michoacán de Ocampo Ziracuaretiro ,19.63,10.60
121 Michoacán de Ocampo Churintzio ,20.16,10.89
121 Michoacán de Ocampo Purépero ,20.16,10.89
121 Michoacán de Ocampo Tlazazalca ,20.16,10.89
121 Michoacán de Ocampo Zináparo ,20.16,10.89
122 Michoacán de Ocampo Puruándiro ,19.68,10.63
123 Jalisco Quitupan ,19.63,10.60
123 Jalisco Tizapán el Alto ,19.63,10.60
123 Jalisco Tuxcueca ,19.63,10.60
123 Michoacán de Ocampo Cojumatlán de Régules ,19.63,10.60
123 Michoacán de Ocampo Jiquilpan ,19.63,10.60
123 Michoacán de Ocampo Pajacuarán ,19.63,10.60
123 Michoacán de Ocampo Sahuayo ,19.63,10.60
123 Michoacán de Ocampo Venustiano Carranza ,19.63,10.60
123 Michoacán de Ocampo Villamar ,19.63,10.60
124 Michoacán de Ocampo Aporo ,18.92,10.22
124 Michoacán de Ocampo Irimbo ,18.92,10.22
124 Michoacán de Ocampo Senguio ,18.92,10.22
125 Michoacán de Ocampo Ario ,19.51,10.54
125 Michoacán de Ocampo Gabriel Zamora ,19.51,10.54
125 Michoacán de Ocampo La Huacana ,19.51,10.54
125 Michoacán de Ocampo Múgica ,19.51,10.54
125 Michoacán de Ocampo Nuevo Urecho ,19.51,10.54
125 Michoacán de Ocampo Salvador Escalante ,19.51,10.54
125 Michoacán de Ocampo Tacámbaro ,19.51,10.54
125 Michoacán de Ocampo Turicato ,19.51,10.54
126 Michoacán de Ocampo Charapan ,20.09,10.85
126 Michoacán de Ocampo Nuevo Parangaricutiro ,20.09,10.85
126 Michoacán de Ocampo Taretan ,20.09,10.85
126 Michoacán de Ocampo Uruapan ,20.09,10.85
127 Michoacán de Ocampo Chavinda ,19.92,10.76
127 Michoacán de Ocampo Chilchota ,19.92,10.76
127 Michoacán de Ocampo Ecuandureo ,19.92,10.76
127 Michoacán de Ocampo Ixtlán ,19.92,10.76
127 Michoacán de Ocampo Jacona ,19.92,10.76
127 Michoacán de Ocampo Tangamandapio ,19.92,10.76
127 Michoacán de Ocampo Tangancícuaro ,19.92,10.76
127 Michoacán de Ocampo Zamora ,19.92,10.76
128 México Donato Guerra ,18.94,10.23
128 México Villa de Allende ,18.94,10.23
128 Michoacán de Ocampo Angangueo ,18.94,10.23
128 Michoacán de Ocampo Juárez ,18.94,10.23
128 Michoacán de Ocampo Jungapeo ,18.94,10.23
128 Michoacán de Ocampo Ocampo ,18.94,10.23
128 Michoacán de Ocampo Susupuato ,18.94,10.23
128 Michoacán de Ocampo Tuzantla ,18.94,10.23
128 Michoacán de Ocampo Zitácuaro ,18.94,10.23
129 Morelos Atlatlahucan ,18.72,10.11
129 Morelos Axochiapan ,18.72,10.11
129 Morelos Ayala ,18.72,10.11
129 Morelos Cuautla ,18.72,10.11
129 Morelos Hueyapan ,18.72,10.11
129 Morelos Jantetelco ,18.72,10.11
129 Morelos Jonacatepec de Leandro Valle ,18.72,10.11
129 Morelos Ocuituco ,18.72,10.11
129 Morelos Temoac ,18.72,10.11
129 Morelos Tepalcingo ,18.72,10.11
129 Morelos Tetela del Volcán ,18.72,10.11
129 Morelos Tlalnepantla ,18.72,10.11
129 Morelos Tlayacapan ,18.72,10.11
129 Morelos Totolapan ,18.72,10.11
129 Morelos Yecapixtla ,18.72,10.11
129 Morelos Zacualpan de Amilpas ,18.72,10.11
129 Puebla Acteopan ,18.72,10.11
129 Puebla Cohuecan ,18.72,10.11
129 Puebla Teotlalco ,18.72,10.11
129 Puebla Tepemaxalco ,18.72,10.11
130 Morelos Amacuzac ,18.88,10.20
130 Morelos Coatetelco ,18.88,10.20
130 Morelos Cuernavaca ,18.88,10.20
130 Morelos Emiliano Zapata ,18.88,10.20
130 Morelos Huitzilac ,18.88,10.20
130 Morelos Jiutepec ,18.88,10.20
130 Morelos Jojutla ,18.88,10.20
130 Morelos Mazatepec ,18.88,10.20
130 Morelos Miacatlán ,18.88,10.20
130 Morelos Puente de Ixtla ,18.88,10.20
130 Morelos Temixco ,18.88,10.20
130 Morelos Tepoztlán ,18.88,10.20
130 Morelos Tlaltizapán de Zapata ,18.88,10.20
130 Morelos Tlaquiltenango ,18.88,10.20
130 Morelos Xochitepec ,18.88,10.20
130 Morelos Xoxocotla ,18.88,10.20
130 Morelos Yautepec ,18.88,10.20
130 Morelos Zacatepec ,18.88,10.20
131 Jalisco Guachinango ,20.06,10.83
131 Jalisco San Sebastián del Oeste ,20.06,10.83
131 Nayarit Acaponeta ,20.06,10.83
131 Nayarit Ahuacatlán ,20.06,10.83
131 Nayarit Amatlán de Cañas ,20.06,10.83
131 Nayarit Compostela ,20.06,10.83
131 Nayarit Del Nayar ,20.06,10.83
131 Nayarit Huajicori ,20.06,10.83
131 Nayarit Ixtlán del Río ,20.06,10.83
131 Nayarit Jala ,20.06,10.83
131 Nayarit La Yesca ,20.06,10.83
131 Nayarit Rosamorada ,20.06,10.83
131 Nayarit Ruíz ,20.06,10.83
131 Nayarit San Blas ,20.06,10.83
131 Nayarit San Pedro Lagunillas ,20.06,10.83
131 Nayarit Santa María del Oro ,20.06,10.83
131 Nayarit Santiago Ixcuintla ,20.06,10.83
131 Nayarit Tecuala ,20.06,10.83
131 Nayarit Tepic ,20.06,10.83
131 Nayarit Tuxpan ,20.06,10.83
131 Nayarit Xalisco ,20.06,10.83
132 Nuevo León Allende ,19.31,10.43
132 Nuevo León Apodaca ,19.31,10.43
132 Nuevo León Cadereyta Jiménez ,19.31,10.43
132 Nuevo León Doctor González ,19.31,10.43
132 Nuevo León Guadalupe ,19.31,10.43
132 Nuevo León Juárez ,19.31,10.43
132 Nuevo León Pesquería ,19.31,10.43
132 Nuevo León Santiago ,19.31,10.43
133 Nuevo León Agualeguas ,19.37,10.46
133 Nuevo León Cerralvo ,19.37,10.46
133 Nuevo León General Treviño ,19.37,10.46
133 Nuevo León Los Aldamas ,19.37,10.46
133 Nuevo León Los Herreras ,19.37,10.46
133 Nuevo León Melchor Ocampo ,19.37,10.46
133 Nuevo León Parás ,19.37,10.46
134 Nuevo León Aramberri ,19.69,10.63
134 Nuevo León Doctor Arroyo ,19.69,10.63
134 Nuevo León General Zaragoza ,19.69,10.63
134 Nuevo León Mier y Noriega ,19.69,10.63
135 Nuevo León China ,19.48,10.52
135 Nuevo León Doctor Coss ,19.48,10.52
135 Nuevo León Galeana ,19.48,10.52
135 Nuevo León General Bravo ,19.48,10.52
135 Nuevo León General Terán ,19.48,10.52
135 Nuevo León Hualahuises ,19.48,10.52
135 Nuevo León Iturbide ,19.48,10.52
135 Nuevo León Linares ,19.48,10.52
135 Nuevo León Los Ramones ,19.48,10.52
135 Nuevo León Montemorelos ,19.48,10.52
135 Nuevo León Rayones ,19.48,10.52
135 Tamaulipas Burgos ,19.48,10.52
136 Nuevo León Abasolo ,19.50,10.53
136 Nuevo León Ciénega de Flores ,19.50,10.53
136 Nuevo León El Carmen ,19.50,10.53
136 Nuevo León García ,19.50,10.53
136 Nuevo León General Escobedo ,19.50,10.53
136 Nuevo León General Zuazua ,19.50,10.53
136 Nuevo León Hidalgo ,19.50,10.53
136 Nuevo León Higueras ,19.50,10.53
136 Nuevo León Marín ,19.50,10.53
136 Nuevo León Mina ,19.50,10.53
136 Nuevo León Monterrey ,19.50,10.53
136 Nuevo León Salinas Victoria ,19.50,10.53
136 Nuevo León San Nicolás de los Garza ,19.50,10.53
136 Nuevo León San Pedro Garza García ,19.50,10.53
136 Nuevo León Santa Catarina ,19.50,10.53
137 Nuevo León Bustamante ,19.31,10.43
137 Nuevo León Lampazos de Naranjo ,19.31,10.43
137 Nuevo León Sabinas Hidalgo ,19.31,10.43
137 Nuevo León Vallecillo ,19.31,10.43
137 Nuevo León Villaldama ,19.31,10.43
138 Oaxaca Asunción Cuyotepeji ,19.58,10.58
138 Oaxaca Fresnillo de Trujano ,19.58,10.58
138 Oaxaca Guadalupe de Ramírez ,19.58,10.58
138 Oaxaca Heroica Ciudad de Huajuapan de León ,19.58,10.58
"138 OaxacaHeroica Villa Tezoatlán de Segura y Luna, Cuna de la Independencia de Oaxaca ",19.58,10.58
138 Oaxaca La Trinidad Vista Hermosa ,19.58,10.58
138 Oaxaca Mariscala de Juárez ,19.58,10.58
138 Oaxaca San Agustín Atenango ,19.58,10.58
138 Oaxaca San Andrés Dinicuiti ,19.58,10.58
138 Oaxaca San Antonino Monte Verde ,19.58,10.58
138 Oaxaca San Antonio Acutla ,19.58,10.58
138 Oaxaca San Cristóbal Suchixtlahuaca ,19.58,10.58
138 Oaxaca San Jerónimo Silacayoapilla ,19.58,10.58
138 Oaxaca San Jorge Nuchita ,19.58,10.58
138 Oaxaca San José Ayuquila ,19.58,10.58
138 Oaxaca San Juan Bautista Coixtlahuaca ,19.58,10.58
138 Oaxaca San Juan Ñumí ,19.58,10.58
138 Oaxaca San Lorenzo Victoria ,19.58,10.58
138 Oaxaca San Marcos Arteaga ,19.58,10.58
138 Oaxaca San Martín Zacatepec ,19.58,10.58
138 Oaxaca San Mateo Tlapiltepec ,19.58,10.58
138 Oaxaca San Miguel Amatitlán ,19.58,10.58
138 Oaxaca San Miguel Tequixtepec ,19.58,10.58
138 Oaxaca San Miguel Tulancingo ,19.58,10.58
138 Oaxaca San Nicolás Hidalgo ,19.58,10.58
138 Oaxaca San Pedro Nopala ,19.58,10.58
138 Oaxaca San Sebastián Nicananduta ,19.58,10.58
138 Oaxaca San Simón Zahuatlán ,19.58,10.58
138 Oaxaca Santa Cruz Tacache de Mina ,19.58,10.58
138 Oaxaca Santa Magdalena Jicotlán ,19.58,10.58
138 Oaxaca Santa María Camotlán ,19.58,10.58
138 Oaxaca Santa María Nativitas ,19.58,10.58
138 Oaxaca Santiago Ayuquililla ,19.58,10.58
138 Oaxaca Santiago Cacaloxtepec ,19.58,10.58
138 Oaxaca Santiago Huajolotitlán ,19.58,10.58
138 Oaxaca Santiago Miltepec ,19.58,10.58
138 Oaxaca Santiago Tepetlapa ,19.58,10.58
138 Oaxaca Santo Domingo Tonalá ,19.58,10.58
138 Oaxaca Santo Domingo Tonaltepec ,19.58,10.58
138 Oaxaca Santo Domingo Yodohino ,19.58,10.58
138 Oaxaca Santos Reyes Tepejillo ,19.58,10.58
138 Oaxaca Santos Reyes Yucuná ,19.58,10.58
138 Oaxaca Teotongo ,19.58,10.58
138 Oaxaca Villa de Chilapa de Díaz ,19.58,10.58
138 Oaxaca Villa de Tamazulápam del Progreso ,19.58,10.58
138 Oaxaca Villa Tejúpam de la Unión ,19.58,10.58
138 Oaxaca Zapotitlán Palmas ,19.58,10.58
139 Oaxaca Asunción Nochixtlán ,19.70,10.64
139 Oaxaca Chalcatongo de Hidalgo ,19.70,10.64
139 Oaxaca Heroica Ciudad de Tlaxiaco ,19.70,10.64
139 Oaxaca Magdalena Jaltepec ,19.70,10.64
139 Oaxaca Magdalena Peñasco ,19.70,10.64
139 Oaxaca Magdalena Yodocono de Porfirio Díaz ,19.70,10.64
139 Oaxaca Magdalena Zahuatlán ,19.70,10.64
139 Oaxaca San Agustín Tlacotepec ,19.70,10.64
139 Oaxaca San Andrés Lagunas ,19.70,10.64
139 Oaxaca San Andrés Sinaxtla ,19.70,10.64
139 Oaxaca San Antonio Sinicahua ,19.70,10.64
139 Oaxaca San Bartolo Soyaltepec ,19.70,10.64
139 Oaxaca San Bartolomé Yucuañe ,19.70,10.64
139 Oaxaca San Cristóbal Amoltepec ,19.70,10.64
139 Oaxaca San Esteban Atatlahuca ,19.70,10.64
139 Oaxaca San Francisco Cahuacuá ,19.70,10.64
139 Oaxaca San Francisco Chindúa ,19.70,10.64
139 Oaxaca San Francisco Jaltepetongo ,19.70,10.64
139 Oaxaca San Francisco Nuxaño ,19.70,10.64
139 Oaxaca San Jerónimo Sosola ,19.70,10.64
139 Oaxaca San Juan Achiutla ,19.70,10.64
139 Oaxaca San Juan Diuxi ,19.70,10.64
139 Oaxaca San Juan Mixtepec ,19.70,10.64
139 Oaxaca San Juan Sayultepec ,19.70,10.64
139 Oaxaca San Juan Teita ,19.70,10.64
139 Oaxaca San Juan Teposcolula ,19.70,10.64
139 Oaxaca San Juan Yucuita ,19.70,10.64
139 Oaxaca San Martín Huamelúlpam ,19.70,10.64
139 Oaxaca San Mateo Etlatongo ,19.70,10.64
139 Oaxaca San Mateo Peñasco ,19.70,10.64
139 Oaxaca San Mateo Sindihui ,19.70,10.64
139 Oaxaca San Mateo Yucutindoo ,19.70,10.64
139 Oaxaca San Miguel Achiutla ,19.70,10.64
139 Oaxaca San Miguel Chicahua ,19.70,10.64
139 Oaxaca San Miguel el Grande ,19.70,10.64
139 Oaxaca San Miguel Tecomatlán ,19.70,10.64
139 Oaxaca San Pablo Tijaltepec ,19.70,10.64
139 Oaxaca San Pedro Coxcaltepec Cántaros ,19.70,10.64
139 Oaxaca San Pedro Mártir Yucuxaco ,19.70,10.64
139 Oaxaca San Pedro Molinos ,19.70,10.64
139 Oaxaca San Pedro Teozacoalco ,19.70,10.64
139 Oaxaca San Pedro Tidaá ,19.70,10.64
139 Oaxaca San Pedro Topiltepec ,19.70,10.64
139 Oaxaca San Pedro y San Pablo Teposcolula ,19.70,10.64
139 Oaxaca San Pedro Yucunama ,19.70,10.64
139 Oaxaca San Vicente Nuñú ,19.70,10.64
139 Oaxaca Santa Catarina Tayata ,19.70,10.64
139 Oaxaca Santa Catarina Ticuá ,19.70,10.64
139 Oaxaca Santa Catarina Yosonotú ,19.70,10.64
139 Oaxaca Santa Cruz Nundaco ,19.70,10.64
139 Oaxaca Santa Cruz Tacahua ,19.70,10.64
139 Oaxaca Santa Cruz Tayata ,19.70,10.64
139 Oaxaca Santa María Apazco ,19.70,10.64
139 Oaxaca Santa María Chachoápam ,19.70,10.64
139 Oaxaca Santa María del Rosario ,19.70,10.64
139 Oaxaca Santa María Nduayaco ,19.70,10.64
139 Oaxaca Santa María Tataltepec ,19.70,10.64
139 Oaxaca Santa María Yolotepec ,19.70,10.64
139 Oaxaca Santa María Yosoyúa ,19.70,10.64
139 Oaxaca Santiago Huauclilla ,19.70,10.64
139 Oaxaca Santiago Nejapilla ,19.70,10.64
139 Oaxaca Santiago Nundiche ,19.70,10.64
139 Oaxaca Santiago Tilantongo ,19.70,10.64
139 Oaxaca Santiago Tillo ,19.70,10.64
139 Oaxaca Santiago Yolomécatl ,19.70,10.64
139 Oaxaca Santiago Yosondúa ,19.70,10.64
139 Oaxaca Santo Domingo Ixcatlán ,19.70,10.64
139 Oaxaca Santo Domingo Tlatayápam ,19.70,10.64
139 Oaxaca Santo Domingo Yanhuitlán ,19.70,10.64
139 Oaxaca Yutanduchi de Guerrero ,19.70,10.64
140 Oaxaca Eloxochitlán de Flores Magón ,19.13,10.33
140 Oaxaca Huautepec ,19.13,10.33
140 Oaxaca Huautla de Jiménez ,19.13,10.33
140 Oaxaca San Antonio Nanahuatípam ,19.13,10.33
140 Oaxaca San Francisco Huehuetlán ,19.13,10.33
140 Oaxaca San Jerónimo Tecóatl ,19.13,10.33
140 Oaxaca San Juan de los Cués ,19.13,10.33
140 Oaxaca San Lorenzo Cuaunecuiltitla ,19.13,10.33
140 Oaxaca San Lucas Zoquiápam ,19.13,10.33
140 Oaxaca San Martín Toxpalan ,19.13,10.33
140 Oaxaca San Mateo Yoloxochitlán ,19.13,10.33
140 Oaxaca San Pedro Ocopetatillo ,19.13,10.33
140 Oaxaca Santa Ana Ateixtlahuaca ,19.13,10.33
140 Oaxaca Santa Cruz Acatepec ,19.13,10.33
140 Oaxaca Santa María Chilchotla ,19.13,10.33
140 Oaxaca Santa María la Asunción ,19.13,10.33
140 Oaxaca Santa María Teopoxco ,19.13,10.33
140 Oaxaca Santiago Texcalcingo ,19.13,10.33
140 Oaxaca Teotitlán de Flores Magón ,19.13,10.33
140 Oaxaca Concepción Pápalo ,19.13,10.33
140 Oaxaca Cuyamecalco Villa de Zaragoza ,19.13,10.33
140 Oaxaca Mazatlán Villa de Flores ,19.13,10.33
140 Oaxaca San Juan Bautista Cuicatlán ,19.13,10.33
140 Oaxaca San Juan Quiotepec ,19.13,10.33
140 Oaxaca San Juan Tepeuxila ,19.13,10.33
140 Oaxaca San Miguel Huautla ,19.13,10.33
140 Oaxaca San Miguel Santa Flor ,19.13,10.33
140 Oaxaca San Pablo Macuiltianguis ,19.13,10.33
140 Oaxaca San Pedro Jaltepetongo ,19.13,10.33
140 Oaxaca San Pedro Jocotipac ,19.13,10.33
140 Oaxaca San Pedro Yólox ,19.13,10.33
140 Oaxaca Santa Ana Cuauhtémoc ,19.13,10.33
140 Oaxaca Santa María Ixcatlán ,19.13,10.33
140 Oaxaca Santa María Pápalo ,19.13,10.33
140 Oaxaca Santa María Tecomavaca ,19.13,10.33
140 Oaxaca Santa María Texcatitlán ,19.13,10.33
140 Oaxaca Santiago Apoala ,19.13,10.33
140 Oaxaca Santiago Comaltepec ,19.13,10.33
140 Oaxaca Santos Reyes Pápalo ,19.13,10.33
140 Oaxaca Valerio Trujano ,19.13,10.33
141 Chiapas Arriaga ,19.84,10.71
141 Oaxaca Asunción Ixtaltepec ,19.84,10.71
141 Oaxaca Asunción Tlacolulita ,19.84,10.71
141 Oaxaca Chahuites ,19.84,10.71
141 Oaxaca Ciudad Ixtepec ,19.84,10.71
141 Oaxaca El Espinal ,19.84,10.71
141 Oaxaca Juchitán de Zaragoza ,19.84,10.71
141 Oaxaca Magdalena Tequisistlán ,19.84,10.71
141 Oaxaca Magdalena Tlacotepec ,19.84,10.71
141 Oaxaca Reforma de Pineda ,19.84,10.71
141 Oaxaca San Dionisio del Mar ,19.84,10.71
141 Oaxaca San Francisco del Mar ,19.84,10.71
141 Oaxaca San Francisco Ixhuatán ,19.84,10.71
141 Oaxaca San Miguel Chimalapa ,19.84,10.71
141 Oaxaca San Miguel Tenango ,19.84,10.71
141 Oaxaca San Pedro Comitancillo ,19.84,10.71
141 Oaxaca San Pedro Huamelula ,19.84,10.71
141 Oaxaca San Pedro Tapanatepec ,19.84,10.71
141 Oaxaca Santa María Ecatepec ,19.84,10.71
141 Oaxaca Santa María Jalapa del Marqués ,19.84,10.71
141 Oaxaca Santa María Mixtequilla ,19.84,10.71
141 Oaxaca Santa María Xadani ,19.84,10.71
141 Oaxaca Santiago Astata ,19.84,10.71
141 Oaxaca Santiago Laollaga ,19.84,10.71
141 Oaxaca Santiago Niltepec ,19.84,10.71
141 Oaxaca Santo Domingo Chihuitán ,19.84,10.71
141 Oaxaca Santo Domingo Ingenio ,19.84,10.71
141 Oaxaca Santo Domingo Tehuantepec ,19.84,10.71
141 Oaxaca Santo Domingo Zanatepec ,19.84,10.71
141 Oaxaca Unión Hidalgo ,19.84,10.71
142 Oaxaca El Barrio de la Soledad ,19.82,10.71
142 Oaxaca Guevea de Humboldt ,19.82,10.71
142 Oaxaca Matías Romero Avendaño ,19.82,10.71
142 Oaxaca San Juan Cotzocón ,19.82,10.71
142 Oaxaca San Juan Guichicovi ,19.82,10.71
142 Oaxaca San Juan Mazatlán ,19.82,10.71
142 Oaxaca Santa María Chimalapa ,19.82,10.71
142 Oaxaca Santa María Guienagati ,19.82,10.71
142 Oaxaca Santa María Petapa ,19.82,10.71
142 Oaxaca Santa María Totolapilla ,19.82,10.71
142 Oaxaca Santiago Lachiguiri ,19.82,10.71
142 Oaxaca Santiago Yaveo ,19.82,10.71
142 Oaxaca Santo Domingo Petapa ,19.82,10.71
142 Veracruz de Ignacio de la Llave Uxpanapa ,19.82,10.71
143 Oaxaca Ánimas Trujano ,19.62,10.59
143 Oaxaca Asunción Cacalotepec ,19.62,10.59
143 Oaxaca Asunción Ocotlán ,19.62,10.59
143 Oaxaca Ayoquezco de Aldama ,19.62,10.59
143 Oaxaca Ciénega de Zimatlán ,19.62,10.59
143 Oaxaca Coatecas Altas ,19.62,10.59
143 Oaxaca Cuilápam de Guerrero ,19.62,10.59
143 Oaxaca Guadalupe Etla ,19.62,10.59
143 Oaxaca Heroica Ciudad de Ejutla de Crespo ,19.62,10.59
143 Oaxaca La Compañía ,19.62,10.59
143 Oaxaca La Pe ,19.62,10.59
143 Oaxaca Magdalena Apasco ,19.62,10.59
143 Oaxaca Magdalena Mixtepec ,19.62,10.59
143 Oaxaca Magdalena Ocotlán ,19.62,10.59
143 Oaxaca Magdalena Teitipac ,19.62,10.59
143 Oaxaca Mixistlán de la Reforma ,19.62,10.59
143 Oaxaca Nazareno Etla ,19.62,10.59
143 Oaxaca Nuevo Zoquiápam ,19.62,10.59
143 Oaxaca Oaxaca de Juárez ,19.62,10.59
143 Oaxaca Ocotlán de Morelos ,19.62,10.59
143 Oaxaca Reyes Etla ,19.62,10.59
143 Oaxaca Rojas de Cuauhtémoc ,19.62,10.59
143 Oaxaca San Agustín Amatengo ,19.62,10.59
143 Oaxaca San Agustín de las Juntas ,19.62,10.59
143 Oaxaca San Agustín Etla ,19.62,10.59
143 Oaxaca San Agustín Yatareni ,19.62,10.59
143 Oaxaca San Andrés Huayápam ,19.62,10.59
143 Oaxaca San Andrés Ixtlahuaca ,19.62,10.59
143 Oaxaca San Andrés Nuxiño ,19.62,10.59
143 Oaxaca San Andrés Solaga ,19.62,10.59
143 Oaxaca San Andrés Yaá ,19.62,10.59
143 Oaxaca San Andrés Zabache ,19.62,10.59
143 Oaxaca San Andrés Zautla ,19.62,10.59
143 Oaxaca San Antonino Castillo Velasco ,19.62,10.59
143 Oaxaca San Antonino el Alto ,19.62,10.59
143 Oaxaca San Antonio de la Cal ,19.62,10.59
143 Oaxaca San Antonio Huitepec ,19.62,10.59
143 Oaxaca San Baltazar Chichicápam ,19.62,10.59
143 Oaxaca San Baltazar Yatzachi el Bajo ,19.62,10.59
143 Oaxaca San Bartolo Coyotepec ,19.62,10.59
143 Oaxaca San Bartolomé Quialana ,19.62,10.59
143 Oaxaca San Bartolomé Zoogocho ,19.62,10.59
143 Oaxaca San Bernardo Mixtepec ,19.62,10.59
143 Oaxaca San Cristóbal Lachirioag ,19.62,10.59
143 Oaxaca San Dionisio Ocotepec ,19.62,10.59
143 Oaxaca San Dionisio Ocotlán ,19.62,10.59
143 Oaxaca San Felipe Tejalápam ,19.62,10.59
143 Oaxaca San Francisco Lachigoló ,19.62,10.59
143 Oaxaca San Francisco Sola ,19.62,10.59
143 Oaxaca San Francisco Telixtlahuaca ,19.62,10.59
143 Oaxaca San Ildefonso Sola ,19.62,10.59
143 Oaxaca San Ildefonso Villa Alta ,19.62,10.59
143 Oaxaca San Jacinto Amilpas ,19.62,10.59
143 Oaxaca San Jacinto Tlacotepec ,19.62,10.59
143 Oaxaca San Jerónimo Taviche ,19.62,10.59
143 Oaxaca San Jerónimo Tlacochahuaya ,19.62,10.59
143 Oaxaca San José del Progreso ,19.62,10.59
143 Oaxaca San Juan Bautista Atatlahuca ,19.62,10.59
143 Oaxaca San Juan Bautista Guelache ,19.62,10.59
143 Oaxaca San Juan Bautista Jayacatlán ,19.62,10.59
143 Oaxaca San Juan Chilateca ,19.62,10.59
143 Oaxaca San Juan Comaltepec ,19.62,10.59
143 Oaxaca San Juan del Estado ,19.62,10.59
143 Oaxaca San Juan del Río ,19.62,10.59
143 Oaxaca San Juan Guelavía ,19.62,10.59
143 Oaxaca San Juan Juquila Mixes ,19.62,10.59
143 Oaxaca San Juan Juquila Vijanos ,19.62,10.59
143 Oaxaca San Juan Lachigalla ,19.62,10.59
143 Oaxaca San Juan Petlapa ,19.62,10.59
143 Oaxaca San Juan Tabaá ,19.62,10.59
143 Oaxaca San Juan Tamazola ,19.62,10.59
143 Oaxaca San Juan Teitipac ,19.62,10.59
143 Oaxaca San Juan Yaeé ,19.62,10.59
143 Oaxaca San Juan Yatzona ,19.62,10.59
143 Oaxaca San Lorenzo Albarradas ,19.62,10.59
143 Oaxaca San Lorenzo Cacaotepec ,19.62,10.59
143 Oaxaca San Lorenzo Texmelúcan ,19.62,10.59
143 Oaxaca San Lucas Quiaviní ,19.62,10.59
143 Oaxaca San Martín de los Cansecos ,19.62,10.59
143 Oaxaca San Martín Lachilá ,19.62,10.59
143 Oaxaca San Martín Tilcajete ,19.62,10.59
143 Oaxaca San Melchor Betaza ,19.62,10.59
143 Oaxaca San Miguel Aloápam ,19.62,10.59
143 Oaxaca San Miguel Amatlán ,19.62,10.59
143 Oaxaca San Miguel del Río ,19.62,10.59
143 Oaxaca San Miguel Ejutla ,19.62,10.59
143 Oaxaca San Miguel Mixtepec ,19.62,10.59
143 Oaxaca San Miguel Peras ,19.62,10.59
143 Oaxaca San Miguel Piedras ,19.62,10.59
143 Oaxaca San Miguel Tilquiápam ,19.62,10.59
143 Oaxaca San Miguel Yotao ,19.62,10.59
143 Oaxaca San Pablo Cuatro Venados ,19.62,10.59
143 Oaxaca San Pablo Etla ,19.62,10.59
143 Oaxaca San Pablo Huitzo ,19.62,10.59
143 Oaxaca San Pablo Huixtepec ,19.62,10.59
143 Oaxaca San Pablo Villa de Mitla ,19.62,10.59
143 Oaxaca San Pedro Apóstol ,19.62,10.59
143 Oaxaca San Pedro Ixtlahuaca ,19.62,10.59
143 Oaxaca San Pedro Mártir ,19.62,10.59
143 Oaxaca San Pedro Ocotepec ,19.62,10.59
143 Oaxaca San Pedro Quiatoni ,19.62,10.59
143 Oaxaca San Pedro Taviche ,19.62,10.59
143 Oaxaca San Pedro Totolápam ,19.62,10.59
143 Oaxaca San Pedro y San Pablo Ayutla ,19.62,10.59
143 Oaxaca San Raymundo Jalpan ,19.62,10.59
143 Oaxaca San Sebastián Abasolo ,19.62,10.59
143 Oaxaca San Sebastián Teitipac ,19.62,10.59
143 Oaxaca San Sebastián Tutla ,19.62,10.59
143 Oaxaca San Vicente Coatlán ,19.62,10.59
143 Oaxaca San Vicente Lachixío ,19.62,10.59
143 Oaxaca Santa Ana del Valle ,19.62,10.59
143 Oaxaca Santa Ana Tlapacoyan ,19.62,10.59
143 Oaxaca Santa Ana Yareni ,19.62,10.59
143 Oaxaca Santa Ana Zegache ,19.62,10.59
143 Oaxaca Santa Catarina Ixtepeji ,19.62,10.59
143 Oaxaca Santa Catarina Lachatao ,19.62,10.59
143 Oaxaca Santa Catarina Minas ,19.62,10.59
143 Oaxaca Santa Catarina Quiané ,19.62,10.59
143 Oaxaca Santa Cruz Amilpas ,19.62,10.59
143 Oaxaca Santa Cruz Mixtepec ,19.62,10.59
143 Oaxaca Santa Cruz Papalutla ,19.62,10.59
143 Oaxaca Santa Cruz Xoxocotlán ,19.62,10.59
143 Oaxaca Santa Gertrudis ,19.62,10.59
143 Oaxaca Santa Inés de Zaragoza ,19.62,10.59
143 Oaxaca Santa Inés del Monte ,19.62,10.59
143 Oaxaca Santa Inés Yatzeche ,19.62,10.59
143 Oaxaca Santa Lucía del Camino ,19.62,10.59
143 Oaxaca Santa Lucía Ocotlán ,19.62,10.59
143 Oaxaca Santa María Alotepec ,19.62,10.59
143 Oaxaca Santa María Atzompa ,19.62,10.59
143 Oaxaca Santa María Coyotepec ,19.62,10.59
143 Oaxaca Santa María del Tule ,19.62,10.59
143 Oaxaca Santa María Guelacé ,19.62,10.59
143 Oaxaca Santa María Lachixío ,19.62,10.59
143 Oaxaca Santa María Peñoles ,19.62,10.59
143 Oaxaca Santa María Sola ,19.62,10.59
143 Oaxaca Santa María Temaxcalapa ,19.62,10.59
143 Oaxaca Santa María Tepantlali ,19.62,10.59
143 Oaxaca Santa María Tlahuitoltepec ,19.62,10.59
143 Oaxaca Santa María Yalina ,19.62,10.59
143 Oaxaca Santa María Zaniza ,19.62,10.59
143 Oaxaca Santiago Apóstol ,19.62,10.59
143 Oaxaca Santiago Atitlán ,19.62,10.59
143 Oaxaca Santiago Choápam ,19.62,10.59
143 Oaxaca Santiago Lalopa ,19.62,10.59
143 Oaxaca Santiago Matatlán ,19.62,10.59
143 Oaxaca Santiago Nacaltepec ,19.62,10.59
143 Oaxaca Santiago Suchilquitongo ,19.62,10.59
143 Oaxaca Santiago Tenango ,19.62,10.59
143 Oaxaca Santiago Textitlán ,19.62,10.59
143 Oaxaca Santiago Tlazoyaltepec ,19.62,10.59
143 Oaxaca Santiago Zacatepec ,19.62,10.59
143 Oaxaca Santiago Zoochila ,19.62,10.59
143 Oaxaca Santo Domingo Nuxaá ,19.62,10.59
143 Oaxaca Santo Domingo Roayaga ,19.62,10.59
143 Oaxaca Santo Domingo Teojomulco ,19.62,10.59
143 Oaxaca Santo Domingo Tepuxtepec ,19.62,10.59
143 Oaxaca Santo Domingo Tomaltepec ,19.62,10.59
143 Oaxaca Santo Tomás Jalieza ,19.62,10.59
143 Oaxaca Santo Tomás Mazaltepec ,19.62,10.59
143 Oaxaca Soledad Etla ,19.62,10.59
143 Oaxaca Tamazulápam del Espíritu Santo ,19.62,10.59
143 Oaxaca Tanetze de Zaragoza ,19.62,10.59
143 Oaxaca Taniche ,19.62,10.59
143 Oaxaca Teococuilco de Marcos Pérez ,19.62,10.59
143 Oaxaca Teotitlán del Valle ,19.62,10.59
143 Oaxaca Tlacolula de Matamoros ,19.62,10.59
143 Oaxaca Tlalixtac de Cabrera ,19.62,10.59
143 Oaxaca Totontepec Villa de Morelos ,19.62,10.59
143 Oaxaca Trinidad Zaachila ,19.62,10.59
143 Oaxaca Villa de Etla ,19.62,10.59
143 Oaxaca Villa de Zaachila ,19.62,10.59
143 Oaxaca Villa Díaz Ordaz ,19.62,10.59
143 Oaxaca Villa Hidalgo ,19.62,10.59
143 Oaxaca Villa Sola de Vega ,19.62,10.59
143 Oaxaca Villa Talea de Castro ,19.62,10.59
143 Oaxaca Yaxe ,19.62,10.59
143 Oaxaca Zimatlán de Álvarez ,19.62,10.59
143 Oaxaca Nejapa de Madero ,19.62,10.59
143 Oaxaca San Bartolo Yautepec ,19.62,10.59
143 Oaxaca San Carlos Yautepec ,19.62,10.59
143 Oaxaca San Juan Lajarcia ,19.62,10.59
143 Oaxaca San Lucas Camotlán ,19.62,10.59
143 Oaxaca San Miguel Quetzaltepec ,19.62,10.59
143 Oaxaca Santa Ana Tavela ,19.62,10.59
143 Oaxaca Santa María Quiegolani ,19.62,10.59
143 Oaxaca Santiago Ixcuintepec ,19.62,10.59
143 Oaxaca San Jerónimo Coatlán ,19.62,10.59
143 Oaxaca San Pedro Juchatengo ,19.62,10.59
144 Oaxaca Salina Cruz ,19.18,10.36
144 Oaxaca San Blas Atempa ,19.18,10.36
144 Oaxaca San Mateo del Mar ,19.18,10.36
144 Oaxaca San Pedro Huilotepec ,19.18,10.36
145 Oaxaca Acatlán de Pérez Figueroa ,19.63,10.60
145 Oaxaca Ayotzintepec ,19.63,10.60
145 Oaxaca Loma Bonita ,19.63,10.60
145 Oaxaca San Andrés Teotilálpam ,19.63,10.60
145 Oaxaca San Bartolomé Ayautla ,19.63,10.60
145 Oaxaca San Felipe Jalapa de Díaz ,19.63,10.60
145 Oaxaca San Felipe Usila ,19.63,10.60
145 Oaxaca San Francisco Chapulapa ,19.63,10.60
145 Oaxaca San José Chiltepec ,19.63,10.60
145 Oaxaca San José Independencia ,19.63,10.60
145 Oaxaca San José Tenango ,19.63,10.60
145 Oaxaca San Juan Bautista Tlacoatzintepec ,19.63,10.60
145 Oaxaca San Juan Bautista Tuxtepec ,19.63,10.60
145 Oaxaca San Juan Bautista Valle Nacional ,19.63,10.60
145 Oaxaca San Juan Coatzóspam ,19.63,10.60
145 Oaxaca San Lucas Ojitlán ,19.63,10.60
145 Oaxaca San Miguel Soyaltepec ,19.63,10.60
145 Oaxaca San Pedro Ixcatlán ,19.63,10.60
145 Oaxaca San Pedro Sochiápam ,19.63,10.60
145 Oaxaca San Pedro Teutila ,19.63,10.60
145 Oaxaca Santa María Jacatepec ,19.63,10.60
145 Oaxaca Santa María Tlalixtac ,19.63,10.60
145 Oaxaca Abejones ,19.63,10.60
145 Oaxaca Capulálpam de Méndez ,19.63,10.60
145 Oaxaca Chiquihuitlán de Benito Juárez ,19.63,10.60
145 Oaxaca Guelatao de Juárez ,19.63,10.60
145 Oaxaca Ixtlán de Juárez ,19.63,10.60
145 Oaxaca Natividad ,19.63,10.60
145 Oaxaca San Francisco Cajonos ,19.63,10.60
145 Oaxaca San Juan Atepec ,19.63,10.60
145 Oaxaca San Juan Chicomezúchil ,19.63,10.60
145 Oaxaca San Juan Evangelista Analco ,19.63,10.60
145 Oaxaca San Juan Lalana ,19.63,10.60
145 Oaxaca San Mateo Cajonos ,19.63,10.60
145 Oaxaca San Pablo Yaganiza ,19.63,10.60
145 Oaxaca San Pedro Cajonos ,19.63,10.60
145 Oaxaca San Pedro Yaneri ,19.63,10.60
145 Oaxaca Santa María Jaltianguis ,19.63,10.60
145 Oaxaca Santa María Yavesía ,19.63,10.60
145 Oaxaca Santiago Camotlán ,19.63,10.60
145 Oaxaca Santiago Jocotepec ,19.63,10.60
145 Oaxaca Santiago Laxopa ,19.63,10.60
145 Oaxaca Santiago Xiacuí ,19.63,10.60
145 Oaxaca Santo Domingo Albarradas ,19.63,10.60
145 Oaxaca Santo Domingo Xagacía ,19.63,10.60
145 Veracruz de Ignacio de la Llave Carlos A. Carrillo ,19.63,10.60
145 Veracruz de Ignacio de la Llave Chacaltianguis ,19.63,10.60
145 Veracruz de Ignacio de la Llave Cosamaloapan de Carpio ,19.63,10.60
145 Veracruz de Ignacio de la Llave Cotaxtla ,19.63,10.60
145 Veracruz de Ignacio de la Llave Isla ,19.63,10.60
145 Veracruz de Ignacio de la Llave Ixmatlahuacan ,19.63,10.60
145 Veracruz de Ignacio de la Llave José Azueta ,19.63,10.60
145 Veracruz de Ignacio de la Llave Juan Rodríguez Clara ,19.63,10.60
145 Veracruz de Ignacio de la Llave Otatitlán ,19.63,10.60
145 Veracruz de Ignacio de la Llave Playa Vicente ,19.63,10.60
145 Veracruz de Ignacio de la Llave Santiago Sochiapan ,19.63,10.60
145 Veracruz de Ignacio de la Llave Tierra Blanca ,19.63,10.60
145 Veracruz de Ignacio de la Llave Tlacojalpan ,19.63,10.60
145 Veracruz de Ignacio de la Llave Tres Valles ,19.63,10.60
145 Veracruz de Ignacio de la Llave Tuxtilla ,19.63,10.60
146 Oaxaca Candelaria Loxicha ,19.95,10.77
146 Oaxaca Pluma Hidalgo ,19.95,10.77
146 Oaxaca San Agustín Loxicha ,19.95,10.77
146 Oaxaca San Bartolomé Loxicha ,19.95,10.77
146 Oaxaca San Francisco Ozolotepec ,19.95,10.77
146 Oaxaca San Juan Ozolotepec ,19.95,10.77
146 Oaxaca San Mateo Piñas ,19.95,10.77
146 Oaxaca San Miguel del Puerto ,19.95,10.77
146 Oaxaca San Miguel Suchixtepec ,19.95,10.77
146 Oaxaca San Pedro el Alto ,19.95,10.77
146 Oaxaca San Pedro Pochutla ,19.95,10.77
146 Oaxaca Santa María Huatulco ,19.95,10.77
146 Oaxaca Santiago Xanica ,19.95,10.77
147 Oaxaca Mártires de Tacubaya ,20.39,11.01
147 Oaxaca Pinotepa de Don Luis ,20.39,11.01
147 Oaxaca San Andrés Huaxpaltepec ,20.39,11.01
147 Oaxaca San José Estancia Grande ,20.39,11.01
147 Oaxaca San Juan Bautista Lo de Soto ,20.39,11.01
147 Oaxaca San Juan Colorado ,20.39,11.01
147 Oaxaca San Lorenzo ,20.39,11.01
147 Oaxaca San Miguel Tlacamama ,20.39,11.01
147 Oaxaca San Pedro Atoyac ,20.39,11.01
147 Oaxaca San Pedro Jicayán ,20.39,11.01
147 Oaxaca San Sebastián Ixcapa ,20.39,11.01
147 Oaxaca Santa María Cortijo ,20.39,11.01
147 Oaxaca Santa María Huazolotitlán ,20.39,11.01
147 Oaxaca Santiago Llano Grande ,20.39,11.01
147 Oaxaca Santiago Pinotepa Nacional ,20.39,11.01
147 Oaxaca Santiago Tapextla ,20.39,11.01
147 Oaxaca Santo Domingo Armenta ,20.39,11.01
148 Oaxaca San Nicolás ,20.08,10.84
148 Oaxaca San Simón Almolongas ,20.08,10.84
148 Oaxaca Santa Cruz Xitla ,20.08,10.84
148 Oaxaca Yogana ,20.08,10.84
148 Oaxaca Miahuatlán de Porfirio Díaz ,20.08,10.84
148 Oaxaca Monjas ,20.08,10.84
148 Oaxaca San Andrés Paxtlán ,20.08,10.84
148 Oaxaca San Baltazar Loxicha ,20.08,10.84
148 Oaxaca San Cristóbal Amatlán ,20.08,10.84
148 Oaxaca San Francisco Logueche ,20.08,10.84
148 Oaxaca San Ildefonso Amatlán ,20.08,10.84
148 Oaxaca San José del Peñasco ,20.08,10.84
148 Oaxaca San José Lachiguiri ,20.08,10.84
148 Oaxaca San Juan Mixtepec ,20.08,10.84
148 Oaxaca San Luis Amatlán ,20.08,10.84
148 Oaxaca San Marcial Ozolotepec ,20.08,10.84
148 Oaxaca San Mateo Río Hondo ,20.08,10.84
148 Oaxaca San Miguel Coatlán ,20.08,10.84
148 Oaxaca San Pablo Coatlán ,20.08,10.84
148 Oaxaca San Pedro Mártir Quiechapa ,20.08,10.84
148 Oaxaca San Pedro Mixtepec ,20.08,10.84
148 Oaxaca San Sebastián Río Hondo ,20.08,10.84
148 Oaxaca Santa Ana ,20.08,10.84
148 Oaxaca Santa Catalina Quierí ,20.08,10.84
148 Oaxaca Santa Catarina Cuixtla ,20.08,10.84
148 Oaxaca Santa Catarina Loxicha ,20.08,10.84
148 Oaxaca Santa Catarina Quioquitani ,20.08,10.84
148 Oaxaca Santa Lucía Miahuatlán ,20.08,10.84
148 Oaxaca Santa María Colotepec ,20.08,10.84
148 Oaxaca Santa María Ozolotepec ,20.08,10.84
148 Oaxaca Santa María Tonameca ,20.08,10.84
148 Oaxaca Santa María Zoquitlán ,20.08,10.84
148 Oaxaca Santo Domingo de Morelos ,20.08,10.84
148 Oaxaca Santo Domingo Ozolotepec ,20.08,10.84
148 Oaxaca Santo Tomás Tamazulapan ,20.08,10.84
148 Oaxaca Sitio de Xitlapehua ,20.08,10.84
148 Oaxaca La Reforma ,20.08,10.84
148 Oaxaca San Agustín Chayuco ,20.08,10.84
148 Oaxaca San Andrés Cabecera Nueva ,20.08,10.84
148 Oaxaca San Gabriel Mixtepec ,20.08,10.84
148 Oaxaca San Juan Lachao ,20.08,10.84
148 Oaxaca San Juan Quiahije ,20.08,10.84
148 Oaxaca San Miguel Panixtlahuaca ,20.08,10.84
148 Oaxaca San Pedro Mixtepec ,20.08,10.84
148 Oaxaca San Sebastián Coatlán ,20.08,10.84
148 Oaxaca Santa Catarina Juquila ,20.08,10.84
148 Oaxaca Santa Catarina Mechoacán ,20.08,10.84
148 Oaxaca Santa Cruz Itundujia ,20.08,10.84
148 Oaxaca Santa Cruz Zenzontepec ,20.08,10.84
148 Oaxaca Santa María Temaxcaltepec ,20.08,10.84
148 Oaxaca Santiago Amoltepec ,20.08,10.84
148 Oaxaca Santiago Ixtayutla ,20.08,10.84
148 Oaxaca Santiago Jamiltepec ,20.08,10.84
148 Oaxaca Santiago Minas ,20.08,10.84
148 Oaxaca Santiago Tetepec ,20.08,10.84
148 Oaxaca Santiago Yaitepec ,20.08,10.84
148 Oaxaca Santos Reyes Nopala ,20.08,10.84
148 Oaxaca Tataltepec de Valdés ,20.08,10.84
148 Oaxaca Villa de Tututepec ,20.08,10.84
149 Guerrero Xochihuehuetlán ,19.47,10.51
149 Oaxaca San Andrés Tepetlapa ,19.47,10.51
149 Oaxaca San Juan Cieneguilla ,19.47,10.51
149 Oaxaca San Mateo Nejápam ,19.47,10.51
149 Oaxaca Zapotitlán Lagunas ,19.47,10.51
149 Puebla Acatlán ,19.47,10.51
149 Puebla Ahuehuetitla ,19.47,10.51
149 Puebla Albino Zertuche ,19.47,10.51
149 Puebla Axutla ,19.47,10.51
149 Puebla Chigmecatitlán ,19.47,10.51
149 Puebla Chila ,19.47,10.51
149 Puebla Chila de la Sal ,19.47,10.51
149 Puebla Chinantla ,19.47,10.51
149 Puebla Coatzingo ,19.47,10.51
149 Puebla Coyotepec ,19.47,10.51
149 Puebla Cuayuca de Andrade ,19.47,10.51
149 Puebla Guadalupe ,19.47,10.51
149 Puebla Ixcaquixtla ,19.47,10.51
149 Puebla Juan N. Méndez ,19.47,10.51
149 Puebla Petlalcingo ,19.47,10.51
149 Puebla Piaxtla ,19.47,10.51
149 Puebla San Jerónimo Xayacatlán ,19.47,10.51
149 Puebla San Miguel Ixitlán ,19.47,10.51
149 Puebla San Pablo Anicano ,19.47,10.51
149 Puebla San Pedro Yeloixtlahuaca ,19.47,10.51
149 Puebla Santa Catarina Tlaltempan ,19.47,10.51
149 Puebla Santa Inés Ahuatempan ,19.47,10.51
149 Puebla Tecomatlán ,19.47,10.51
149 Puebla Tehuitzingo ,19.47,10.51
149 Puebla Tepexi de Rodríguez ,19.47,10.51
149 Puebla Totoltepec de Guerrero ,19.47,10.51
149 Puebla Tulcingo ,19.47,10.51
149 Puebla Xayacatlán de Bravo ,19.47,10.51
149 Puebla Xicotlán ,19.47,10.51
149 Puebla Zacapala ,19.47,10.51
150 Puebla Coronango ,19.23,10.38
150 Puebla Juan C. Bonilla ,19.23,10.38
150 Puebla Tlaltenango ,19.23,10.38
151 Puebla Huaquechula ,18.72,10.11
151 Puebla Tepeojuma ,18.72,10.11
151 Puebla Tepexco ,18.72,10.11
151 Puebla Tilapa ,18.72,10.11
151 Puebla Tlapanalá ,18.72,10.11
151 Puebla Xochiltepec ,18.72,10.11
152 Puebla Ahuacatlán ,18.84,10.17
152 Puebla Ahuazotepec ,18.84,10.17
152 Puebla Aquixtla ,18.84,10.17
152 Puebla Chiconcuautla ,18.84,10.17
152 Puebla Chignahuapan ,18.84,10.17
152 Puebla Huauchinango ,18.84,10.17
152 Puebla Jalpan ,18.84,10.17
152 Puebla Jopala ,18.84,10.17
152 Puebla Juan Galindo ,18.84,10.17
152 Puebla Naupan ,18.84,10.17
152 Puebla Tetela de Ocampo ,18.84,10.17
152 Puebla Tlaola ,18.84,10.17
152 Puebla Tlapacoya ,18.84,10.17
152 Puebla Xicotepec ,18.84,10.17
152 Puebla Zacatlán ,18.84,10.17
152 Puebla Zihuateutla ,18.84,10.17
153 Puebla Ahuatlán ,19.00,10.26
153 Puebla Atzala ,19.00,10.26
153 Puebla Chiautla ,19.00,10.26
153 Puebla Chietla ,19.00,10.26
153 Puebla Cohetzala ,19.00,10.26
153 Puebla Epatlán ,19.00,10.26
153 Puebla Huehuetlán el Chico ,19.00,10.26
153 Puebla Izúcar de Matamoros ,19.00,10.26
153 Puebla Jolalpan ,19.00,10.26
153 Puebla San Martín Totoltepec ,19.00,10.26
154 Puebla Amozoc ,18.87,10.19
154 Puebla Atlixco ,18.87,10.19
154 Puebla Atzitzihuacán ,18.87,10.19
154 Puebla Calpan ,18.87,10.19
154 Puebla Chiautzingo ,18.87,10.19
154 Puebla Cuautlancingo ,18.87,10.19
154 Puebla Domingo Arenas ,18.87,10.19
154 Puebla Huejotzingo ,18.87,10.19
154 Puebla Nealtican ,18.87,10.19
154 Puebla Ocoyucan ,18.87,10.19
154 Puebla Puebla ,18.87,10.19
154 Puebla San Andrés Cholula ,18.87,10.19
154 Puebla San Felipe Teotlalcingo ,18.87,10.19
154 Puebla San Gregorio Atzompa ,18.87,10.19
154 Puebla San Jerónimo Tecuanipan ,18.87,10.19
154 Puebla San Martín Texmelucan ,18.87,10.19
154 Puebla San Matías Tlalancaleca ,18.87,10.19
154 Puebla San Miguel Xoxtla ,18.87,10.19
154 Puebla San Nicolás de los Ranchos ,18.87,10.19
154 Puebla San Pedro Cholula ,18.87,10.19
154 Puebla San Salvador el Verde ,18.87,10.19
154 Puebla Santa Isabel Cholula ,18.87,10.19
154 Puebla Tianguismanalco ,18.87,10.19
154 Puebla Tlahuapan ,18.87,10.19
154 Puebla Tochimilco ,18.87,10.19
154 Tlaxcala Calpulalpan ,18.87,10.19
154 Tlaxcala Chiautempan ,18.87,10.19
154 Tlaxcala Ixtacuixtla de Mariano Matamoros ,18.87,10.19
154 Tlaxcala Natívitas ,18.87,10.19
154 Tlaxcala Panotla ,18.87,10.19
154 Tlaxcala San Pablo del Monte ,18.87,10.19
154 Tlaxcala Santa Ana Nopalucan ,18.87,10.19
154 Tlaxcala Tepetitla de Lardizábal ,18.87,10.19
154 Tlaxcala Tlaxcala ,18.87,10.19
155 Oaxaca Concepción Buenavista ,18.82,10.16
155 Oaxaca Cosoltepec ,18.82,10.16
155 Oaxaca San Francisco Teopan ,18.82,10.16
155 Oaxaca San Juan Bautista Suchitepec ,18.82,10.16
155 Oaxaca San Pedro y San Pablo Tequixtepec ,18.82,10.16
155 Oaxaca Santa Catarina Zapoquila ,18.82,10.16
155 Oaxaca Santiago Ihuitlán Plumas ,18.82,10.16
155 Oaxaca Tepelmeme Villa de Morelos ,18.82,10.16
155 Oaxaca Tlacotepec Plumas ,18.82,10.16
155 Oaxaca Villa de Santiago Chazumba ,18.82,10.16
155 Puebla Acajete ,18.82,10.16
155 Puebla Acatzingo ,18.82,10.16
155 Puebla Ajalpan ,18.82,10.16
155 Puebla Aljojuca ,18.82,10.16
155 Puebla Altepexi ,18.82,10.16
155 Puebla Atexcal ,18.82,10.16
155 Puebla Atoyatempan ,18.82,10.16
155 Puebla Atzitzintla ,18.82,10.16
155 Puebla Caltepec ,18.82,10.16
155 Puebla Cañada Morelos ,18.82,10.16
155 Puebla Chalchicomula de Sesma ,18.82,10.16
155 Puebla Chapulco ,18.82,10.16
155 Puebla Coxcatlán ,18.82,10.16
155 Puebla Coyomeapan ,18.82,10.16
155 Puebla Cuapiaxtla de Madero ,18.82,10.16
155 Puebla Cuautinchán ,18.82,10.16
155 Puebla Eloxochitlán ,18.82,10.16
155 Puebla Esperanza ,18.82,10.16
155 Puebla General Felipe Ángeles ,18.82,10.16
155 Puebla Guadalupe Victoria ,18.82,10.16
155 Puebla Huatlatlauca ,18.82,10.16
155 Puebla Huehuetlán el Grande ,18.82,10.16
155 Puebla Huitziltepec ,18.82,10.16
155 Puebla La Magdalena Tlatlauquitepec ,18.82,10.16
155 Puebla Lafragua ,18.82,10.16
155 Puebla Los Reyes de Juárez ,18.82,10.16
155 Puebla Mazapiltepec de Juárez ,18.82,10.16
155 Puebla Mixtla ,18.82,10.16
155 Puebla Molcaxac ,18.82,10.16
155 Puebla Nicolás Bravo ,18.82,10.16
155 Puebla Palmar de Bravo ,18.82,10.16
155 Puebla Quecholac ,18.82,10.16
155 Puebla San Antonio Cañada ,18.82,10.16
155 Puebla San Diego la Mesa Tochimiltzingo ,18.82,10.16
155 Puebla San Gabriel Chilac ,18.82,10.16
155 Puebla San José Miahuatlán ,18.82,10.16
155 Puebla San Juan Atenco ,18.82,10.16
155 Puebla San Juan Atzompa ,18.82,10.16
155 Puebla San Nicolás Buenos Aires ,18.82,10.16
155 Puebla San Salvador el Seco ,18.82,10.16
155 Puebla San Salvador Huixcolotla ,18.82,10.16
155 Puebla San Sebastián Tlacotepec ,18.82,10.16
155 Puebla Santiago Miahuatlán ,18.82,10.16
155 Puebla Santo Tomás Hueyotlipan ,18.82,10.16
155 Puebla Soltepec ,18.82,10.16
155 Puebla Tecali de Herrera ,18.82,10.16
155 Puebla Tecamachalco ,18.82,10.16
155 Puebla Tehuacán ,18.82,10.16
155 Puebla Teopantlán ,18.82,10.16
155 Puebla Tepanco de López ,18.82,10.16
155 Puebla Tepeaca ,18.82,10.16
155 Puebla Tepeyahualco de Cuauhtémoc ,18.82,10.16
155 Puebla Tlachichuca ,18.82,10.16
155 Puebla Tlacotepec de Benito Juárez ,18.82,10.16
155 Puebla Tlanepantla ,18.82,10.16
155 Puebla Tochtepec ,18.82,10.16
155 Puebla Tzicatlacoyan ,18.82,10.16
155 Puebla Vicente Guerrero ,18.82,10.16
155 Puebla Xochitlán Todos Santos ,18.82,10.16
155 Puebla Yehualtepec ,18.82,10.16
155 Puebla Zapotitlán ,18.82,10.16
155 Puebla Zinacatepec ,18.82,10.16
155 Puebla Zoquitlán ,18.82,10.16
156 Puebla Atempan ,19.00,10.26
156 Puebla Ayotoxco de Guerrero ,19.00,10.26
156 Puebla Chignautla ,19.00,10.26
156 Puebla Cuetzalan del Progreso ,19.00,10.26
156 Puebla Cuyoaco ,19.00,10.26
156 Puebla Hueyapan ,19.00,10.26
156 Puebla Libres ,19.00,10.26
156 Puebla Ocotepec ,19.00,10.26
156 Puebla Oriental ,19.00,10.26
156 Puebla Tenampulco ,19.00,10.26
156 Puebla Teteles de Ávila Castillo ,19.00,10.26
156 Puebla Teziutlán ,19.00,10.26
156 Puebla Tlatlauquitepec ,19.00,10.26
156 Puebla Xiutetelco ,19.00,10.26
156 Puebla Xochiapulco ,19.00,10.26
156 Puebla Yaonáhuac ,19.00,10.26
156 Puebla Zacapoaxtla ,19.00,10.26
156 Puebla Zaragoza ,19.00,10.26
156 Puebla Zautla ,19.00,10.26
157 Querétaro Landa de Matamoros ,19.33,10.44
158 Hidalgo Tecozautla ,19.14,10.34
158 Querétaro Amealco de Bonfil ,19.14,10.34
158 Querétaro Arroyo Seco ,19.14,10.34
158 Querétaro Cadereyta de Montes ,19.14,10.34
158 Querétaro Colón ,19.14,10.34
158 Querétaro Corregidora ,19.14,10.34
158 Querétaro El Marqués ,19.14,10.34
158 Querétaro Ezequiel Montes ,19.14,10.34
158 Querétaro Huimilpan ,19.14,10.34
158 Querétaro Jalpan de Serra ,19.14,10.34
158 Querétaro Pedro Escobedo ,19.14,10.34
158 Querétaro Peñamiller ,19.14,10.34
158 Querétaro Pinal de Amoles ,19.14,10.34
158 Querétaro Querétaro ,19.14,10.34
158 Querétaro San Joaquín ,19.14,10.34
158 Querétaro San Juan del Río ,19.14,10.34
158 Querétaro Tequisquiapan ,19.14,10.34
158 Querétaro Tolimán ,19.14,10.34
159 Quintana Roo Benito Juárez ,20.69,11.17
159 Quintana Roo Isla Mujeres ,20.69,11.17
159 Quintana Roo Puerto Morelos ,20.69,11.17
159 Quintana Roo Solidaridad ,20.69,11.17
159 Quintana Roo Tulum ,20.69,11.17
160 Quintana Roo Cozumel ,21.21,11.46
161 Quintana Roo Felipe Carrillo Puerto ,20.17,10.89
161 Quintana Roo José María Morelos ,20.17,10.89
162 Quintana Roo Othón P. Blanco ,18.75,10.13
162 Quintana Roo Bacalar ,20.13,10.87
163 San Luis Potosí Alaquines ,20.08,10.84
163 San Luis Potosí Cárdenas ,20.08,10.84
164 Hidalgo Atlapexco ,19.64,10.61
164 Hidalgo Calnali ,19.64,10.61
164 Hidalgo Huautla ,19.64,10.61
164 Hidalgo Huazalingo ,19.64,10.61
164 Hidalgo Huejutla de Reyes ,19.64,10.61
164 Hidalgo Jaltocán ,19.64,10.61
164 Hidalgo San Felipe Orizatlán ,19.64,10.61
164 Hidalgo Tlanchinol ,19.64,10.61
164 Hidalgo Xochiatipan ,19.64,10.61
164 Hidalgo Yahualica ,19.64,10.61
164 San Luis Potosí Aquismón ,19.64,10.61
164 San Luis Potosí Axtla de Terrazas ,19.64,10.61
164 San Luis Potosí Ciudad del Maíz ,19.64,10.61
164 San Luis Potosí Ciudad Valles ,19.64,10.61
164 San Luis Potosí Coxcatlán ,19.64,10.61
164 San Luis Potosí El Naranjo ,19.64,10.61
164 San Luis Potosí Huehuetlán ,19.64,10.61
164 San Luis Potosí Matlapa ,19.64,10.61
164 San Luis Potosí San Antonio ,19.64,10.61
164 San Luis Potosí San Martín Chalchicuautla ,19.64,10.61
164 San Luis Potosí San Vicente Tancuayalab ,19.64,10.61
164 San Luis Potosí Tamasopo ,19.64,10.61
164 San Luis Potosí Tampacán ,19.64,10.61
164 San Luis Potosí Tampamolón Corona ,19.64,10.61
164 San Luis Potosí Tamuín ,19.64,10.61
164 San Luis Potosí Tancanhuitz ,19.64,10.61
164 San Luis Potosí Tanlajás ,19.64,10.61
164 San Luis Potosí Tanquián de Escobedo ,19.64,10.61
164 San Luis Potosí Xilitla ,19.64,10.61
164 Veracruz de Ignacio de la Llave Cerro Azul ,19.64,10.61
164 Veracruz de Ignacio de la Llave Chalma ,19.64,10.61
164 Veracruz de Ignacio de la Llave Chiconamel ,19.64,10.61
164 Veracruz de Ignacio de la Llave Chinampa de Gorostiza ,19.64,10.61
164 Veracruz de Ignacio de la Llave Chontla ,19.64,10.61
164 Veracruz de Ignacio de la Llave Citlaltépetl ,19.64,10.61
164 Veracruz de Ignacio de la Llave El Higo ,19.64,10.61
164 Veracruz de Ignacio de la Llave Ixcatepec ,19.64,10.61
164 Veracruz de Ignacio de la Llave Ozuluama de Mascareñas ,19.64,10.61
164 Veracruz de Ignacio de la Llave Pánuco ,19.64,10.61
164 Veracruz de Ignacio de la Llave Platón Sánchez ,19.64,10.61
164 Veracruz de Ignacio de la Llave Tamalín ,19.64,10.61
164 Veracruz de Ignacio de la Llave Tancoco ,19.64,10.61
164 Veracruz de Ignacio de la Llave Tantima ,19.64,10.61
164 Veracruz de Ignacio de la Llave Tempoal ,19.64,10.61
164 Veracruz de Ignacio de la Llave Tepetzintla ,19.64,10.61
165 San Luis Potosí Ebano ,19.07,10.30
166 San Luis Potosí Catorce ,20.14,10.88
166 San Luis Potosí Cedral ,20.14,10.88
166 San Luis Potosí Charcas ,20.14,10.88
166 San Luis Potosí Matehuala ,20.14,10.88
166 San Luis Potosí Santo Domingo ,20.14,10.88
166 San Luis Potosí Vanegas ,20.14,10.88
166 San Luis Potosí Venado ,20.14,10.88
166 San Luis Potosí Villa de Guadalupe ,20.14,10.88
166 San Luis Potosí Villa de la Paz ,20.14,10.88
166 Zacatecas El Salvador ,20.14,10.88
167 San Luis Potosí Cerritos ,19.57,10.57
167 San Luis Potosí Ciudad Fernández ,19.57,10.57
167 San Luis Potosí Guadalcázar ,19.57,10.57
167 San Luis Potosí Lagunillas ,19.57,10.57
167 San Luis Potosí Rayón ,19.57,10.57
167 San Luis Potosí Rioverde ,19.57,10.57
167 San Luis Potosí San Ciro de Acosta ,19.57,10.57
167 San Luis Potosí San Nicolás Tolentino ,19.57,10.57
167 San Luis Potosí Santa Catarina ,19.57,10.57
167 San Luis Potosí Villa Juárez ,19.57,10.57
167 San Luis Potosí Zaragoza ,19.57,10.57
168 San Luis Potosí Ahualulco del Sonido 13 ,20.05,10.83
168 San Luis Potosí Armadillo de los Infante ,20.05,10.83
168 San Luis Potosí Cerro de San Pedro ,20.05,10.83
168 San Luis Potosí Mexquitic de Carmona ,20.05,10.83
168 San Luis Potosí Moctezuma ,20.05,10.83
168 San Luis Potosí Salinas ,20.05,10.83
168 San Luis Potosí San Luis Potosí ,20.05,10.83
168 San Luis Potosí Santa María del Río ,20.05,10.83
168 San Luis Potosí Soledad de Graciano Sánchez ,20.05,10.83
168 San Luis Potosí Tierra Nueva ,20.05,10.83
168 San Luis Potosí Villa de Arista ,20.05,10.83
168 San Luis Potosí Villa de Arriaga ,20.05,10.83
168 San Luis Potosí Villa de Reyes ,20.05,10.83
168 San Luis Potosí Villa Hidalgo ,20.05,10.83
168 San Luis Potosí Villa de Pozos ,20.05,10.83
169 Hidalgo Chapulhuacán ,19.37,10.46
169 Hidalgo Pisaflores ,19.37,10.46
169 Hidalgo Tepehuacán de Guerrero ,19.37,10.46
169 San Luis Potosí Tamazunchale ,19.37,10.46
170 Sinaloa Ahome ,20.22,10.92
170 Sinaloa Choix ,20.22,10.92
170 Sinaloa El Fuerte ,20.22,10.92
171 Sinaloa Badiraguato ,21.18,11.44
171 Sinaloa Culiacán ,21.18,11.44
171 Sinaloa Guasave ,21.18,11.44
171 Sinaloa Navolato ,21.18,11.44
171 Sinaloa Sinaloa ,21.18,11.44
171 Sinaloa Eldorado ,21.18,11.44
171 Sinaloa Juan José Ríos ,21.18,11.44
172 Durango Tamazula ,21.21,11.45
172 Sinaloa Cosalá ,21.21,11.45
172 Sinaloa Elota ,21.21,11.45
172 Sinaloa San Ignacio ,21.21,11.45
173 Sinaloa Concordia ,20.08,10.85
173 Sinaloa Escuinapa ,20.08,10.85
173 Sinaloa Mazatlán ,20.08,10.85
173 Sinaloa Rosario ,20.08,10.85
174 Sinaloa Angostura ,22.15,11.96
174 Sinaloa Mocorito ,22.15,11.96
174 Sinaloa Salvador Alvarado ,22.15,11.96
175 Sonora Agua Prieta ,18.61,10.05
175 Sonora Naco ,18.61,10.05
175 Sonora Arizpe ,19.98,10.79
175 Sonora Bacerac ,19.97,10.79
175 Sonora Bacoachi ,19.98,10.79
175 Sonora Bavispe ,19.98,10.79
175 Sonora Cumpas ,19.98,10.79
175 Sonora Fronteras ,19.97,10.79
175 Sonora Huachinera ,19.98,10.79
175 Sonora Nacozari de García ,19.98,10.79
175 Sonora Villa Hidalgo ,19.98,10.79
176 Sonora Álamos ,20.07,10.84
177 Sonora Altar ,18.44,9.96
177 Sonora Caborca ,18.44,9.96
177 Sonora Oquitoa ,19.81,10.70
177 Sonora Pitiquito ,19.81,10.70
178 Sonora Bácum ,20.35,10.99
178 Sonora Benito Juárez ,20.35,10.99
178 Sonora Cajeme ,20.35,10.99
178 Sonora Etchojoa ,20.35,10.99
178 Sonora Huatabampo ,20.35,10.99
178 Sonora Navojoa ,20.35,10.99
178 Sonora Ónavas ,20.35,10.99
178 Sonora Quiriego ,20.35,10.99
178 Sonora Rosario ,20.35,10.99
178 Sonora San Ignacio Río Muerto ,20.35,10.99
178 Sonora Suaqui Grande ,20.35,10.99
178 Sonora Yécora ,20.35,10.99
179 Sonora Cananea ,18.91,10.21
180 Sonora Empalme ,19.78,10.68
180 Sonora Guaymas ,19.78,10.68
181 Sonora Aconchi ,19.90,10.74
181 Sonora Arivechi ,19.90,10.74
181 Sonora Bacanora ,19.90,10.74
181 Sonora Banámichi ,19.90,10.74
181 Sonora Baviácora ,19.90,10.74
181 Sonora Carbó ,19.90,10.74
181 Sonora Divisaderos ,19.90,10.74
181 Sonora Granados ,19.90,10.74
181 Sonora Hermosillo ,19.90,10.74
181 Sonora Huásabas ,19.90,10.74
181 Sonora Huépac ,19.90,10.74
181 Sonora La Colorada ,19.90,10.74
181 Sonora Mazatán ,19.90,10.74
181 Sonora Moctezuma ,19.90,10.74
181 Sonora Rayón ,19.90,10.74
181 Sonora Sahuaripa ,19.90,10.74
181 Sonora San Felipe de Jesús ,19.90,10.74
181 Sonora San Javier ,19.90,10.74
181 Sonora San Miguel de Horcasitas ,19.90,10.74
181 Sonora San Pedro de la Cueva ,19.90,10.74
181 Sonora Soyopa ,19.90,10.74
181 Sonora Tepache ,19.90,10.74
181 Sonora Ures ,19.90,10.74
181 Sonora Villa Pesqueira ,19.90,10.74
182 Sonora Nogales ,18.38,9.93
182 Sonora Santa Cruz ,18.38,9.93
182 Sonora Sáric ,18.38,9.93
182 Sonora Atil ,19.73,10.66
182 Sonora Benjamín Hill ,19.72,10.65
182 Sonora Cucurpe ,19.73,10.66
182 Sonora Imuris ,19.73,10.66
182 Sonora Magdalena ,19.72,10.65
182 Sonora Opodepe ,19.72,10.65
182 Sonora Santa Ana ,19.73,10.66
182 Sonora Trincheras ,19.73,10.66
182 Sonora Tubutama ,19.73,10.66
183 Sonora General Plutarco Elías Calles ,18.96,10.24
183 Sonora Puerto Peñasco ,18.96,10.24
184 Sonora San Luis Río Colorado ,19.45,10.50
185 Campeche Escárcega ,19.35,10.45
185 Campeche Palizada ,19.36,10.45
185 Chiapas Amatán ,19.36,10.45
185 Chiapas Catazajá ,19.36,10.45
185 Chiapas Chapultenango ,19.36,10.45
185 Chiapas Coapilla ,19.36,10.45
185 Chiapas Ixhuatán ,19.36,10.45
185 Chiapas Ixtacomitán ,19.36,10.45
185 Chiapas Ixtapangajoya ,19.35,10.45
185 Chiapas Jitotol ,19.36,10.45
185 Chiapas Juárez ,19.36,10.45
185 Chiapas La Libertad ,19.36,10.45
185 Chiapas Ocotepec ,19.36,10.45
185 Chiapas Ostuacán ,19.36,10.45
185 Chiapas Pantepec ,19.36,10.45
185 Chiapas Pichucalco ,19.36,10.45
185 Chiapas Pueblo Nuevo Solistahuacán ,19.36,10.45
185 Chiapas Rayón ,19.35,10.45
185 Chiapas Reforma ,19.35,10.45
185 Chiapas Rincón Chamula San Pedro ,19.36,10.45
185 Chiapas Salto de Agua ,19.36,10.45
185 Chiapas Solosuchiapa ,19.36,10.45
185 Chiapas Sunuapa ,19.36,10.45
185 Chiapas Tapalapa ,19.36,10.45
185 Chiapas Tapilula ,19.36,10.45
185 Tabasco Cárdenas ,19.36,10.45
185 Tabasco Centla ,19.36,10.45
185 Tabasco Centro ,19.36,10.45
185 Tabasco Comalcalco ,19.36,10.45
185 Tabasco Cunduacán ,19.36,10.45
185 Tabasco Emiliano Zapata ,19.36,10.45
185 Tabasco Huimanguillo ,19.36,10.45
185 Tabasco Jalapa ,19.36,10.45
185 Tabasco Jalpa de Méndez ,19.36,10.45
185 Tabasco Jonuta ,19.35,10.45
185 Tabasco Macuspana ,19.36,10.45
185 Tabasco Nacajuca ,19.36,10.45
185 Tabasco Paraíso ,19.36,10.45
185 Tabasco Tacotalpa ,19.36,10.45
185 Tabasco Teapa ,19.36,10.45
185 Campeche Calakmul ,18.03,9.73
185 Campeche Candelaria ,18.03,9.73
185 Chiapas Palenque ,18.03,9.73
185 Tabasco Balancán ,18.03,9.73
185 Tabasco Tenosique ,18.03,9.73
186 Tamaulipas Abasolo ,19.12,10.32
186 Tamaulipas Jiménez ,19.12,10.32
187 Tamaulipas Ciudad Madero ,19.66,10.62
187 Veracruz de Ignacio de la Llave Pueblo Viejo ,19.66,10.62
187 Veracruz de Ignacio de la Llave Tampico Alto ,19.66,10.62
188 Tamaulipas Antiguo Morelos ,19.81,10.70
188 Tamaulipas El Mante ,19.81,10.70
188 Tamaulipas Gómez Farías ,19.81,10.70
188 Tamaulipas Llera ,19.81,10.70
188 Tamaulipas Nuevo Morelos ,19.81,10.70
188 Tamaulipas Xicoténcatl ,19.81,10.70
189 Tamaulipas Aldama ,19.57,10.57
189 Tamaulipas González ,19.57,10.57
190 Tamaulipas Guerrero ,17.91,9.67
190 Tamaulipas Mier ,17.91,9.67
190 Tamaulipas Miguel Alemán ,17.91,9.67
191 Nuevo León Anáhuac ,18.37,9.92
191 Tamaulipas Nuevo Laredo ,18.37,9.92
192 Tamaulipas Camargo ,17.69,9.55
192 Tamaulipas Gustavo Díaz Ordaz ,17.69,9.55
192 Tamaulipas Matamoros ,17.69,9.55
192 Tamaulipas Reynosa ,17.69,9.55
192 Tamaulipas Río Bravo ,17.69,9.55
192 Tamaulipas Valle Hermoso ,17.69,9.55
193 Tamaulipas Cruillas ,19.35,10.45
193 Tamaulipas Méndez ,19.35,10.45
193 Tamaulipas San Fernando ,19.35,10.45
193 Tamaulipas San Nicolás ,19.35,10.45
194 Tamaulipas Altamira ,19.30,10.42
194 Tamaulipas Tampico ,19.30,10.42
195 Tamaulipas Bustamante ,19.86,10.72
195 Tamaulipas Jaumave ,19.86,10.72
195 Tamaulipas Miquihuana ,19.86,10.72
195 Tamaulipas Ocampo ,19.86,10.72
195 Tamaulipas Palmillas ,19.86,10.72
195 Tamaulipas Tula ,19.86,10.72
196 Tamaulipas Casas ,19.73,10.65
196 Tamaulipas Güémez ,19.73,10.65
196 Tamaulipas Hidalgo ,19.73,10.65
196 Tamaulipas Mainero ,19.73,10.65
196 Tamaulipas Padilla ,19.73,10.65
196 Tamaulipas San Carlos ,19.73,10.65
196 Tamaulipas Soto la Marina ,19.73,10.65
196 Tamaulipas Victoria ,19.73,10.65
196 Tamaulipas Villagrán ,19.73,10.65
197 Puebla Ixtacamaxtitlán ,18.58,10.03
197 Puebla Nopalucan ,18.58,10.03
197 Puebla Rafael Lara Grajales ,18.58,10.03
197 Puebla San José Chiapa ,18.58,10.03
197 Puebla Tepatlaxco de Hidalgo ,18.58,10.03
197 Tlaxcala Acuamanala de Miguel Hidalgo ,18.58,10.03
197 Tlaxcala Amaxac de Guerrero ,18.58,10.03
197 Tlaxcala Apetatitlán de Antonio Carvajal ,18.58,10.03
197 Tlaxcala Apizaco ,18.58,10.03
197 Tlaxcala Atlangatepec ,18.58,10.03
197 Tlaxcala Atltzayanca ,18.58,10.03
197 Tlaxcala Contla de Juan Cuamatzi ,18.58,10.03
197 Tlaxcala Cuapiaxtla ,18.58,10.03
197 Tlaxcala Cuaxomulco ,18.58,10.03
197 Tlaxcala El Carmen Tequexquitla ,18.58,10.03
197 Tlaxcala Emiliano Zapata ,18.58,10.03
197 Tlaxcala Huamantla ,18.58,10.03
197 Tlaxcala Hueyotlipan ,18.58,10.03
197 Tlaxcala Ixtenco ,18.58,10.03
197 Tlaxcala La Magdalena Tlaltelulco ,18.58,10.03
197 Tlaxcala Lázaro Cárdenas ,18.58,10.03
197 Tlaxcala Mazatecochco de José María Morelos ,18.58,10.03
197 Tlaxcala Muñoz de Domingo Arenas ,18.58,10.03
197 Tlaxcala Papalotla de Xicohténcatl ,18.58,10.03
197 Tlaxcala San Damián Texóloc ,18.58,10.03
197 Tlaxcala San Francisco Tetlanohcan ,18.58,10.03
197 Tlaxcala San Jerónimo Zacualpan ,18.58,10.03
197 Tlaxcala San José Teacalco ,18.58,10.03
197 Tlaxcala San Juan Huactzinco ,18.58,10.03
197 Tlaxcala San Lorenzo Axocomanitla ,18.58,10.03
197 Tlaxcala San Lucas Tecopilco ,18.58,10.03
197 Tlaxcala Santa Apolonia Teacalco ,18.58,10.03
197 Tlaxcala Santa Catarina Ayometla ,18.58,10.03
197 Tlaxcala Santa Cruz Quilehtla ,18.58,10.03
197 Tlaxcala Santa Cruz Tlaxcala ,18.58,10.03
197 Tlaxcala Santa Isabel Xiloxoxtla ,18.58,10.03
197 Tlaxcala Tenancingo ,18.58,10.03
197 Tlaxcala Teolocholco ,18.58,10.03
197 Tlaxcala Tepeyanco ,18.58,10.03
197 Tlaxcala Terrenate ,18.58,10.03
197 Tlaxcala Tetla de la Solidaridad ,18.58,10.03
197 Tlaxcala Tetlatlahuca ,18.58,10.03
197 Tlaxcala Tlaxco ,18.58,10.03
197 Tlaxcala Tocatlán ,18.58,10.03
197 Tlaxcala Totolac ,18.58,10.03
197 Tlaxcala Tzompantepec ,18.58,10.03
197 Tlaxcala Xaloztoc ,18.58,10.03
197 Tlaxcala Xaltocan ,18.58,10.03
197 Tlaxcala Xicohtzinco ,18.58,10.03
197 Tlaxcala Yauhquemehcan ,18.58,10.03
197 Tlaxcala Zacatelco ,18.58,10.03
197 Tlaxcala Ziltlaltépec de Trinidad Sánchez Santos ,18.58,10.03
198 Veracruz de Ignacio de la Llave Acayucan ,19.62,10.60
198 Veracruz de Ignacio de la Llave Jesús Carranza ,19.62,10.60
198 Veracruz de Ignacio de la Llave San Juan Evangelista ,19.62,10.60
198 Veracruz de Ignacio de la Llave Sayula de Alemán ,19.62,10.60
199 Veracruz de Ignacio de la Llave Agua Dulce ,19.65,10.61
199 Veracruz de Ignacio de la Llave Chinameca ,19.65,10.61
199 Veracruz de Ignacio de la Llave Coatzacoalcos ,19.65,10.61
199 Veracruz de Ignacio de la Llave Cosoleacaque ,19.65,10.61
199 Veracruz de Ignacio de la Llave Hidalgotitlán ,19.65,10.61
199 Veracruz de Ignacio de la Llave Ixhuatlán del Sureste ,19.65,10.61
199 Veracruz de Ignacio de la Llave Jáltipan ,19.65,10.61
199 Veracruz de Ignacio de la Llave Las Choapas ,19.65,10.61
199 Veracruz de Ignacio de la Llave Minatitlán ,19.65,10.61
199 Veracruz de Ignacio de la Llave Moloacán ,19.65,10.61
199 Veracruz de Ignacio de la Llave Nanchital de Lázaro Cárdenas del Río ,19.65,10.61
199 Veracruz de Ignacio de la Llave Oteapan ,19.65,10.61
199 Veracruz de Ignacio de la Llave Pajapan ,19.65,10.61
199 Veracruz de Ignacio de la Llave Tatahuicapan de Juárez ,19.65,10.61
199 Veracruz de Ignacio de la Llave Texistepec ,19.65,10.61
199 Veracruz de Ignacio de la Llave Zaragoza ,19.65,10.61
200 Oaxaca Cosolapa ,20.09,10.85
200 Puebla Chichiquila ,20.09,10.85
200 Puebla Chilchotla ,20.09,10.85
200 Puebla Quimixtlán ,20.09,10.85
200 Veracruz de Ignacio de la Llave Acultzingo ,20.09,10.85
200 Veracruz de Ignacio de la Llave Alpatláhuac ,20.09,10.85
200 Veracruz de Ignacio de la Llave Amatlán de los Reyes ,20.09,10.85
200 Veracruz de Ignacio de la Llave Aquila ,20.09,10.85
200 Veracruz de Ignacio de la Llave Astacinga ,20.09,10.85
200 Veracruz de Ignacio de la Llave Atlahuilco ,20.09,10.85
200 Veracruz de Ignacio de la Llave Atoyac ,20.09,10.85
200 Veracruz de Ignacio de la Llave Atzacan ,20.09,10.85
200 Veracruz de Ignacio de la Llave Calcahualco ,20.09,10.85
200 Veracruz de Ignacio de la Llave Camarón de Tejeda ,20.09,10.85
200 Veracruz de Ignacio de la Llave Camerino Z. Mendoza ,20.09,10.85
200 Veracruz de Ignacio de la Llave Carrillo Puerto ,20.09,10.85
200 Veracruz de Ignacio de la Llave Chocamán ,20.09,10.85
200 Veracruz de Ignacio de la Llave Coetzala ,20.09,10.85
200 Veracruz de Ignacio de la Llave Comapa ,20.09,10.85
200 Veracruz de Ignacio de la Llave Córdoba ,20.09,10.85
200 Veracruz de Ignacio de la Llave Coscomatepec ,20.09,10.85
200 Veracruz de Ignacio de la Llave Cuichapa ,20.09,10.85
200 Veracruz de Ignacio de la Llave Cuitláhuac ,20.09,10.85
200 Veracruz de Ignacio de la Llave Fortín ,20.09,10.85
200 Veracruz de Ignacio de la Llave Huatusco ,20.09,10.85
200 Veracruz de Ignacio de la Llave Huiloapan de Cuauhtémoc ,20.09,10.85
200 Veracruz de Ignacio de la Llave Ixhuatlán del Café ,20.09,10.85
200 Veracruz de Ignacio de la Llave Ixhuatlancillo ,20.09,10.85
200 Veracruz de Ignacio de la Llave Ixtaczoquitlán ,20.09,10.85
200 Veracruz de Ignacio de la Llave La Perla ,20.09,10.85
200 Veracruz de Ignacio de la Llave Los Reyes ,20.09,10.85
200 Veracruz de Ignacio de la Llave Magdalena ,20.09,10.85
200 Veracruz de Ignacio de la Llave Maltrata ,20.09,10.85
200 Veracruz de Ignacio de la Llave Mariano Escobedo ,20.09,10.85
200 Veracruz de Ignacio de la Llave Mixtla de Altamirano ,20.09,10.85
200 Veracruz de Ignacio de la Llave Naranjal ,20.09,10.85
200 Veracruz de Ignacio de la Llave Nogales ,20.09,10.85
200 Veracruz de Ignacio de la Llave Omealca ,20.09,10.85
200 Veracruz de Ignacio de la Llave Orizaba ,20.09,10.85
200 Veracruz de Ignacio de la Llave Paso del Macho ,20.09,10.85
200 Veracruz de Ignacio de la Llave Rafael Delgado ,20.09,10.85
200 Veracruz de Ignacio de la Llave Río Blanco ,20.09,10.85
200 Veracruz de Ignacio de la Llave San Andrés Tenejapan ,20.09,10.85
200 Veracruz de Ignacio de la Llave Sochiapa ,20.09,10.85
200 Veracruz de Ignacio de la Llave Soledad Atzompa ,20.09,10.85
200 Veracruz de Ignacio de la Llave Tehuipango ,20.09,10.85
200 Veracruz de Ignacio de la Llave Tepatlaxco ,20.09,10.85
200 Veracruz de Ignacio de la Llave Tequila ,20.09,10.85
200 Veracruz de Ignacio de la Llave Texhuacán ,20.09,10.85
200 Veracruz de Ignacio de la Llave Tezonapa ,20.09,10.85
200 Veracruz de Ignacio de la Llave Tlacotepec de Mejía ,20.09,10.85
200 Veracruz de Ignacio de la Llave Tlaquilpa ,20.09,10.85
200 Veracruz de Ignacio de la Llave Tlilapan ,20.09,10.85
200 Veracruz de Ignacio de la Llave Tomatlán ,20.09,10.85
200 Veracruz de Ignacio de la Llave Totutla ,20.09,10.85
200 Veracruz de Ignacio de la Llave Xoxocotla ,20.09,10.85
200 Veracruz de Ignacio de la Llave Yanga ,20.09,10.85
200 Veracruz de Ignacio de la Llave Zentla ,20.09,10.85
200 Veracruz de Ignacio de la Llave Zongolica ,20.09,10.85
201 Puebla Amixtlán ,18.99,10.25
201 Puebla Atlequizayan ,18.99,10.25
201 Puebla Camocuautla ,18.99,10.25
201 Puebla Caxhuacan ,18.99,10.25
201 Puebla Coatepec ,18.99,10.25
201 Puebla Cuautempan ,18.99,10.25
201 Puebla Hermenegildo Galeana ,18.99,10.25
201 Puebla Huehuetla ,18.99,10.25
201 Puebla Hueytlalpan ,18.99,10.25
201 Puebla Huitzilan de Serdán ,18.99,10.25
201 Puebla Ixtepec ,18.99,10.25
201 Puebla Jonotla ,18.99,10.25
201 Puebla Nauzontla ,18.99,10.25
201 Puebla Olintla ,18.99,10.25
201 Puebla San Felipe Tepatlán ,18.99,10.25
201 Puebla Tepango de Rodríguez ,18.99,10.25
201 Puebla Tepetzintla ,18.99,10.25
201 Puebla Tuzamapan de Galeana ,18.99,10.25
201 Puebla Xochitlán de Vicente Suárez ,18.99,10.25
201 Puebla Zapotitlán de Méndez ,18.99,10.25
201 Puebla Zongozotla ,18.99,10.25
201 Puebla Zoquiapan ,18.99,10.25
201 Veracruz de Ignacio de la Llave Chumatlán ,18.99,10.25
201 Veracruz de Ignacio de la Llave Coahuitlán ,18.99,10.25
201 Veracruz de Ignacio de la Llave Coxquihui ,18.99,10.25
201 Veracruz de Ignacio de la Llave Coyutla ,18.99,10.25
201 Veracruz de Ignacio de la Llave Espinal ,18.99,10.25
201 Veracruz de Ignacio de la Llave Filomeno Mata ,18.99,10.25
201 Veracruz de Ignacio de la Llave Mecatlán ,18.99,10.25
201 Veracruz de Ignacio de la Llave Zozocolco de Hidalgo ,18.99,10.25
202 Puebla Francisco Z. Mena ,18.83,10.17
202 Veracruz de Ignacio de la Llave Ixhuatlán de Madero ,18.83,10.17
203 Veracruz de Ignacio de la Llave Jamapa ,19.54,10.55
203 Veracruz de Ignacio de la Llave La Antigua ,19.54,10.55
203 Veracruz de Ignacio de la Llave Manlio Fabio Altamirano ,19.54,10.55
203 Veracruz de Ignacio de la Llave Paso de Ovejas ,19.54,10.55
203 Veracruz de Ignacio de la Llave Puente Nacional ,19.54,10.55
203 Veracruz de Ignacio de la Llave Soledad de Doblado ,19.54,10.55
203 Veracruz de Ignacio de la Llave Ursulo Galván ,19.54,10.55
204 Puebla Pantepec ,18.66,10.07
204 Puebla Venustiano Carranza ,18.66,10.07
204 Veracruz de Ignacio de la Llave Álamo Temapache ,18.66,10.07
204 Veracruz de Ignacio de la Llave Benito Juárez ,18.66,10.07
204 Veracruz de Ignacio de la Llave Castillo de Teayo ,18.66,10.07
204 Veracruz de Ignacio de la Llave Cazones de Herrera ,18.66,10.07
204 Veracruz de Ignacio de la Llave Chicontepec ,18.66,10.07
204 Veracruz de Ignacio de la Llave Coatzintla ,18.66,10.07
204 Veracruz de Ignacio de la Llave Gutiérrez Zamora ,18.66,10.07
204 Veracruz de Ignacio de la Llave Ilamatlán ,18.66,10.07
204 Veracruz de Ignacio de la Llave Naranjos Amatlán ,18.66,10.07
204 Veracruz de Ignacio de la Llave Papantla ,18.66,10.07
204 Veracruz de Ignacio de la Llave Poza Rica de Hidalgo ,18.66,10.07
204 Veracruz de Ignacio de la Llave San Rafael ,18.66,10.07
204 Veracruz de Ignacio de la Llave Tamiahua ,18.66,10.07
204 Veracruz de Ignacio de la Llave Tantoyuca ,18.66,10.07
204 Veracruz de Ignacio de la Llave Tecolutla ,18.66,10.07
204 Veracruz de Ignacio de la Llave Texcatepec ,18.66,10.07
204 Veracruz de Ignacio de la Llave Tihuatlán ,18.66,10.07
204 Veracruz de Ignacio de la Llave Tlachichilco ,18.66,10.07
204 Veracruz de Ignacio de la Llave Tuxpan ,18.66,10.07
204 Veracruz de Ignacio de la Llave Zacualpan ,18.66,10.07
204 Veracruz de Ignacio de la Llave Zontecomatlán de López y Fuentes ,18.66,10.07
205 Veracruz de Ignacio de la Llave Mecayapan ,19.83,10.71
205 Veracruz de Ignacio de la Llave Oluta ,19.83,10.71
205 Veracruz de Ignacio de la Llave Soconusco ,19.83,10.71
205 Veracruz de Ignacio de la Llave Soteapan ,19.83,10.71
206 Veracruz de Ignacio de la Llave Acula ,18.44,9.96
206 Veracruz de Ignacio de la Llave Alvarado ,18.44,9.96
206 Veracruz de Ignacio de la Llave Amatitlán ,18.44,9.96
206 Veracruz de Ignacio de la Llave Angel R. Cabada ,18.44,9.96
206 Veracruz de Ignacio de la Llave Boca del Río ,18.44,9.96
206 Veracruz de Ignacio de la Llave Catemaco ,18.44,9.96
206 Veracruz de Ignacio de la Llave Hueyapan de Ocampo ,18.44,9.96
206 Veracruz de Ignacio de la Llave Ignacio de la Llave ,18.44,9.96
206 Veracruz de Ignacio de la Llave Lerdo de Tejada ,18.44,9.96
206 Veracruz de Ignacio de la Llave Medellín de Bravo ,18.44,9.96
206 Veracruz de Ignacio de la Llave Saltabarranca ,18.44,9.96
206 Veracruz de Ignacio de la Llave San Andrés Tuxtla ,18.44,9.96
206 Veracruz de Ignacio de la Llave Santiago Tuxtla ,18.44,9.96
206 Veracruz de Ignacio de la Llave Tlacotalpan ,18.44,9.96
206 Veracruz de Ignacio de la Llave Tlalixcoyan ,18.44,9.96
206 Veracruz de Ignacio de la Llave Veracruz ,18.44,9.96
207 Puebla Acateno ,19.07,10.30
207 Puebla Hueytamalco ,19.07,10.30
207 Puebla Tepeyahualco ,19.07,10.30
207 Veracruz de Ignacio de la Llave Acajete ,19.07,10.30
207 Veracruz de Ignacio de la Llave Acatlán ,19.07,10.30
207 Veracruz de Ignacio de la Llave Actopan ,19.07,10.30
207 Veracruz de Ignacio de la Llave Alto Lucero de Gutiérrez Barrios ,19.07,10.30
207 Veracruz de Ignacio de la Llave Altotonga ,19.07,10.30
207 Veracruz de Ignacio de la Llave Apazapan ,19.07,10.30
207 Veracruz de Ignacio de la Llave Atzalan ,19.07,10.30
207 Veracruz de Ignacio de la Llave Ayahualulco ,19.07,10.30
207 Veracruz de Ignacio de la Llave Banderilla ,19.07,10.30
207 Veracruz de Ignacio de la Llave Chiconquiaco ,19.07,10.30
207 Veracruz de Ignacio de la Llave Coacoatzintla ,19.07,10.30
207 Veracruz de Ignacio de la Llave Coatepec ,19.07,10.30
207 Veracruz de Ignacio de la Llave Colipa ,19.07,10.30
207 Veracruz de Ignacio de la Llave Cosautlán de Carvajal ,19.07,10.30
207 Veracruz de Ignacio de la Llave Emiliano Zapata ,19.07,10.30
207 Veracruz de Ignacio de la Llave Ixhuacán de los Reyes ,19.07,10.30
207 Veracruz de Ignacio de la Llave Jalacingo ,19.07,10.30
207 Veracruz de Ignacio de la Llave Jalcomulco ,19.07,10.30
207 Veracruz de Ignacio de la Llave Jilotepec ,19.07,10.30
207 Veracruz de Ignacio de la Llave Juchique de Ferrer ,19.07,10.30
207 Veracruz de Ignacio de la Llave Landero y Coss ,19.07,10.30
207 Veracruz de Ignacio de la Llave Las Minas ,19.07,10.30
207 Veracruz de Ignacio de la Llave Las Vigas de Ramírez ,19.07,10.30
207 Veracruz de Ignacio de la Llave Martínez de la Torre ,19.07,10.30
207 Veracruz de Ignacio de la Llave Miahuatlán ,19.07,10.30
207 Veracruz de Ignacio de la Llave Misantla ,19.07,10.30
207 Veracruz de Ignacio de la Llave Naolinco ,19.07,10.30
207 Veracruz de Ignacio de la Llave Nautla ,19.07,10.30
207 Veracruz de Ignacio de la Llave Perote ,19.07,10.30
207 Veracruz de Ignacio de la Llave Rafael Lucio ,19.07,10.30
207 Veracruz de Ignacio de la Llave Tatatila ,19.07,10.30
207 Veracruz de Ignacio de la Llave Tenampa ,19.07,10.30
207 Veracruz de Ignacio de la Llave Tenochtitlán ,19.07,10.30
207 Veracruz de Ignacio de la Llave Teocelo ,19.07,10.30
207 Veracruz de Ignacio de la Llave Tepetlán ,19.07,10.30
207 Veracruz de Ignacio de la Llave Tlacolulan ,19.07,10.30
207 Veracruz de Ignacio de la Llave Tlalnelhuayocan ,19.07,10.30
207 Veracruz de Ignacio de la Llave Tlaltetela ,19.07,10.30
207 Veracruz de Ignacio de la Llave Tlapacoyan ,19.07,10.30
207 Veracruz de Ignacio de la Llave Tonayán ,19.07,10.30
207 Veracruz de Ignacio de la Llave Vega de Alatorre ,19.07,10.30
207 Veracruz de Ignacio de la Llave Villa Aldama ,19.07,10.30
207 Veracruz de Ignacio de la Llave Xalapa ,19.07,10.30
207 Veracruz de Ignacio de la Llave Xico ,19.07,10.30
207 Veracruz de Ignacio de la Llave Yecuatla ,19.07,10.30
208 Campeche Calkiní ,19.73,10.66
208 Campeche Dzitbalché ,19.73,10.66
208 Campeche Hecelchakán ,19.73,10.66
208 Campeche Hopelchén ,19.73,10.66
208 Yucatán Abalá ,19.73,10.66
208 Yucatán Acanceh ,19.73,10.66
208 Yucatán Akil ,19.73,10.66
208 Yucatán Baca ,19.73,10.66
208 Yucatán Celestún ,19.73,10.66
208 Yucatán Chacsinkín ,19.73,10.66
208 Yucatán Chapab ,19.73,10.66
208 Yucatán Chicxulub Pueblo ,19.73,10.66
208 Yucatán Chocholá ,19.73,10.66
208 Yucatán Chumayel ,19.73,10.66
208 Yucatán Conkal ,19.73,10.66
208 Yucatán Cuzamá ,19.73,10.66
208 Yucatán Dzán ,19.73,10.66
208 Yucatán Dzemul ,19.73,10.66
208 Yucatán Halachó ,19.73,10.66
208 Yucatán Hunucmá ,19.73,10.66
208 Yucatán Ixil ,19.73,10.66
208 Yucatán Kanasín ,19.73,10.66
208 Yucatán Kinchil ,19.73,10.66
208 Yucatán Kopomá ,19.73,10.66
208 Yucatán Mama ,19.73,10.66
208 Yucatán Maní ,19.73,10.66
208 Yucatán Maxcanú ,19.73,10.66
208 Yucatán Mayapán ,19.73,10.66
208 Yucatán Mérida ,19.73,10.66
208 Yucatán Mocochá ,19.73,10.66
208 Yucatán Muna ,19.73,10.66
208 Yucatán Muxupip ,19.73,10.66
208 Yucatán Opichén ,19.73,10.66
208 Yucatán Oxkutzcab ,19.73,10.66
208 Yucatán Peto ,19.73,10.66
208 Yucatán Progreso ,19.73,10.66
208 Yucatán Sacalum ,19.73,10.66
208 Yucatán Samahil ,19.73,10.66
208 Yucatán Santa Elena ,19.73,10.66
208 Yucatán Tahdziú ,19.73,10.66
208 Yucatán Teabo ,19.73,10.66
208 Yucatán Tecoh ,19.73,10.66
208 Yucatán Tekax ,19.73,10.66
208 Yucatán Tekit ,19.73,10.66
208 Yucatán Tetiz ,19.73,10.66
208 Yucatán Ticul ,19.73,10.66
208 Yucatán Timucuy ,19.73,10.66
208 Yucatán Tixmehuac ,19.73,10.66
208 Yucatán Tzucacab ,19.73,10.66
208 Yucatán Ucú ,19.73,10.66
208 Yucatán Umán ,19.73,10.66
209 Quintana Roo Lázaro Cárdenas ,20.09,10.85
209 Yucatán Bokobá ,20.09,10.85
209 Yucatán Buctzotz ,20.09,10.85
209 Yucatán Cacalchén ,20.09,10.85
209 Yucatán Calotmul ,20.09,10.85
209 Yucatán Cansahcab ,20.09,10.85
209 Yucatán Cantamayec ,20.09,10.85
209 Yucatán Cenotillo ,20.09,10.85
209 Yucatán Chankom ,20.09,10.85
209 Yucatán Chemax ,20.09,10.85
209 Yucatán Chichimilá ,20.09,10.85
209 Yucatán Chikindzonot ,20.09,10.85
209 Yucatán Cuncunul ,20.09,10.85
209 Yucatán Dzidzantún ,20.09,10.85
209 Yucatán Dzilam de Bravo ,20.09,10.85
209 Yucatán Dzilam González ,20.09,10.85
209 Yucatán Dzitás ,20.09,10.85
209 Yucatán Dzoncauich ,20.09,10.85
209 Yucatán Espita ,20.09,10.85
209 Yucatán Hocabá ,20.09,10.85
209 Yucatán Hoctún ,20.09,10.85
209 Yucatán Homún ,20.09,10.85
209 Yucatán Huhí ,20.09,10.85
209 Yucatán Izamal ,20.09,10.85
209 Yucatán Kantunil ,20.09,10.85
209 Yucatán Kaua ,20.09,10.85
209 Yucatán Motul ,20.09,10.85
209 Yucatán Panabá ,20.09,10.85
209 Yucatán Quintana Roo ,20.09,10.85
209 Yucatán Río Lagartos ,20.09,10.85
209 Yucatán San Felipe ,20.09,10.85
209 Yucatán Sanahcat ,20.09,10.85
209 Yucatán Seyé ,20.09,10.85
209 Yucatán Sinanché ,20.09,10.85
209 Yucatán Sotuta ,20.09,10.85
209 Yucatán Sucilá ,20.09,10.85
209 Yucatán Sudzal ,20.09,10.85
209 Yucatán Suma ,20.09,10.85
209 Yucatán Tahmek ,20.09,10.85
209 Yucatán Tekal de Venegas ,20.09,10.85
209 Yucatán Tekantó ,20.09,10.85
209 Yucatán Tekom ,20.09,10.85
209 Yucatán Telchac Pueblo ,20.09,10.85
209 Yucatán Telchac Puerto ,20.09,10.85
209 Yucatán Temax ,20.09,10.85
209 Yucatán Temozón ,20.09,10.85
209 Yucatán Tepakán ,20.09,10.85
209 Yucatán Teya ,20.09,10.85
209 Yucatán Tinum ,20.09,10.85
209 Yucatán Tixcacalcupul ,20.09,10.85
209 Yucatán Tixkokob ,20.09,10.85
209 Yucatán Tixpéhual ,20.09,10.85
209 Yucatán Tizimín ,20.09,10.85
209 Yucatán Tunkás ,20.09,10.85
209 Yucatán Uayma ,20.09,10.85
209 Yucatán Valladolid ,20.09,10.85
209 Yucatán Xocchel ,20.09,10.85
209 Yucatán Yaxcabá ,20.09,10.85
209 Yucatán Yaxkukul ,20.09,10.85
209 Yucatán Yobaín ,20.09,10.85
210 Jalisco Bolaños ,19.98,10.79
210 Jalisco Chimaltitán ,19.98,10.79
210 Jalisco Huejuquilla el Alto ,19.98,10.79
210 Jalisco Mezquitic ,19.98,10.79
210 Jalisco San Martín de Bolaños ,19.98,10.79
210 Jalisco Totatiche ,19.98,10.79
210 Jalisco Villa Guerrero ,19.98,10.79
210 Zacatecas Calera ,19.98,10.79
210 Zacatecas Fresnillo ,19.98,10.79
210 Zacatecas Monte Escobedo ,19.98,10.79
210 Zacatecas Morelos ,19.98,10.79
210 Zacatecas Valparaíso ,19.98,10.79
210 Zacatecas Villanueva ,19.98,10.79
210 Zacatecas Zacatecas ,19.98,10.79
211 Zacatecas General Enrique Estrada ,19.87,10.73
212 San Luis Potosí Villa de Ramos ,19.79,10.69
212 Zacatecas General Pánfilo Natera ,19.79,10.69
212 Zacatecas Guadalupe ,19.79,10.69
212 Zacatecas Pánuco ,19.79,10.69
212 Zacatecas Trancoso ,19.79,10.69
212 Zacatecas Vetagrande ,19.79,10.69
213 Zacatecas Jerez ,19.77,10.68
213 Zacatecas Susticacán ,19.77,10.68
213 Zacatecas Tepetongo ,19.77,10.68
214 Zacatecas Loreto ,19.59,10.58
214 Zacatecas Noria de Ángeles ,19.59,10.58
214 Zacatecas Villa González Ortega ,19.59,10.58
215 Zacatecas Concepción del Oro ,21.08,11.38
215 Zacatecas Mazapil ,21.08,11.38
215 Zacatecas Melchor Ocampo ,21.08,11.38
216 Zacatecas Ojocaliente ,20.98,11.33
217 Jalisco Ojuelos de Jalisco ,20.10,10.85
217 Zacatecas Pinos ,20.10,10.85
217 Zacatecas Villa Hidalgo ,20.10,10.85
218 Durango Santa Clara ,20.24,10.93
218 Zacatecas Cañitas de Felipe Pescador ,20.24,10.93
218 Zacatecas General Francisco R. Murguía ,20.24,10.93
218 Zacatecas Juan Aldama ,20.24,10.93
218 Zacatecas Miguel Auza ,20.24,10.93
218 Zacatecas Río Grande ,20.24,10.93
219 Zacatecas Chalchihuites ,19.77,10.68
219 Zacatecas Jiménez del Teul ,19.77,10.68
219 Zacatecas Sain Alto ,19.77,10.68
219 Zacatecas Sombrerete ,19.77,10.68
220 Zacatecas Villa de Cos ,19.74,10.66
